Item,n_days,total_qty,avg_qty,max_qty,first_date,last_date,cum_pct
Kopi Susu Husgendam Ice,1395,6368.0,4.564874551971326,25.0,2022-01-05,2026-03-31,9.045326060709364
Tubruk,1367,5084.0,3.7190929041697145,25.0,2022-01-01,2026-03-31,16.266814391841024
Lychee Tea Ice,1191,3318.0,2.7858942065491186,50.0,2022-01-03,2026-03-31,20.979815627618926
Basreng,1154,2623.0,2.2729636048526864,9.0,2022-01-01,2026-03-31,24.705614977059984
Kopi Susu Husgendam Hot,1066,2584.0,2.424015009380863,13.0,2022-01-04,2026-03-31,28.376017386116676
Kentang,1136,2517.0,2.215669014084507,12.0,2022-01-01,2026-03-31,31.951250692461752
Vietnam Drip,1113,2467.0,2.216531895777179,31.0,2022-01-01,2026-03-31,35.45546228036534
Kinasih,1017,2103.0,2.0678466076696167,11.0,2022-01-01,2026-03-31,38.442635758014795
Black Ice,957,2081.0,2.174503657262278,10.0,2022-01-05,2026-03-31,41.398559679550004
Mie Goreng,828,1729.0,2.0881642512077296,13.0,2022-01-05,2026-03-31,43.854490703257056
Lemon Tea Hot,869,1721.0,1.9804372842347526,11.0,2022-01-01,2026-03-31,46.29905825201347
Lemon Tea Ice,809,1541.0,1.9048207663782448,22.0,2022-01-03,2026-03-31,48.48794761438048
Air Mineral,569,1541.0,2.7082601054481548,21.0,2022-01-25,2026-03-31,50.67683697674749
Cireng,802,1457.0,1.8167082294264338,10.0,2022-08-17,2026-03-31,52.74640985213278
Matcha Ice,793,1420.0,1.7906683480453973,13.0,2022-01-02,2026-03-31,54.76342665587136
Filter,832,1417.0,1.703125,8.0,2022-01-02,2026-03-31,56.77618215650347
Nasi Gila,786,1406.0,1.7888040712468194,8.0,2022-01-03,2026-03-31,58.77331287907842
Nasi Goreng Jawa,724,1393.0,1.9240331491712708,11.0,2022-01-01,2026-03-31,60.751977954858596
Tahu Tuna,811,1365.0,1.6831072749691738,8.0,2022-01-01,2026-03-29,62.690870868311535
Mewangi Milk Tea Ice,694,1281.0,1.845821325648415,8.0,2022-12-13,2026-03-31,64.51044729478275
Chocolate Ice,715,1278.0,1.7874125874125875,12.0,2022-01-02,2026-03-31,66.32576241814748
Mewangi Milk Tea Hot,760,1264.0,1.6631578947368422,7.0,2022-01-03,2026-03-31,68.12119146034857
Cappucino Hot,750,1263.0,1.684,21.0,2022-01-03,2026-03-31,69.91520006818085
Kirana,722,1129.0,1.5637119113573408,8.0,2022-01-01,2026-03-31,71.5188704705899
Arunika,661,1052.0,1.5915279878971256,7.0,2022-01-01,2026-03-31,73.01316742659905
Pisang Goreng Madu,399,1016.0,2.5463659147869673,10.0,2024-11-26,2026-03-31,74.45632874533032
Lychee Tea Hot,610,1016.0,1.6655737704918032,10.0,2022-01-05,2026-03-31,75.8994900640616
Black Hot,573,970.0,1.692844677137871,9.0,2022-01-06,2026-03-31,77.27731140182668
Mie Rebus,573,965.0,1.6841186736474694,9.0,2022-01-03,2026-03-31,78.64803056774761
Chocolate Hot,581,954.0,1.6419965576592082,31.0,2022-01-04,2026-03-30,80.00312495561143
Singkong Keju,650,912.0,1.403076923076923,7.0,2022-01-04,2026-03-31,81.29856109998438
Tempe Mendoan,368,852.0,2.3152173913043477,8.0,2024-11-26,2026-03-31,82.50877118222752
Nasi Ayam Curry,513,835.0,1.6276803118908383,16.0,2022-08-28,2026-03-31,83.69483388020058
Donat,569,826.0,1.4516695957820738,6.0,2022-01-06,2026-03-31,84.86811266885414
Nasi Ayam Daun Jeruk,353,765.0,2.1671388101983005,14.0,2024-10-08,2026-03-31,85.95474496100908
Espresso,491,735.0,1.4969450101832993,18.0,2022-01-02,2026-03-31,86.99876422209913
Nirmala Hot,480,728.0,1.5166666666666666,7.0,2022-08-20,2026-03-31,88.03284044260735
Nasi Ayam Mentega,351,694.0,1.9772079772079771,60.0,2024-03-10,2026-03-31,89.01862189457536
Candana Vanilla,486,676.0,1.3909465020576133,5.0,2022-01-07,2026-03-31,89.97883552790444
Kasmaran,245,663.0,2.706122448979592,11.0,2025-05-17,2026-03-31,90.92058351443872
Nasi Ayam Chili Padi,341,592.0,1.7360703812316716,8.0,2024-05-22,2026-03-31,91.76148066078606
Taro Ice,419,579.0,1.3818615751789975,6.0,2022-01-04,2026-03-27,92.58391216033863
Nirmala Ice,370,568.0,1.5351351351351352,5.0,2024-05-05,2026-03-31,93.39071888183406
New York Cheesecake,336,567.0,1.6875,9.0,2022-01-26,2026-02-10,94.19610516896067
Matcha Hot,395,529.0,1.339240506329114,7.0,2022-01-06,2026-03-31,94.94751495007174
Cappucino Ice,308,411.0,1.3344155844155845,4.0,2022-01-09,2026-03-31,95.53131347566087
Latte Hot,326,395.0,1.2116564417177915,4.0,2022-01-03,2026-03-31,96.0923850513487
Husgendam Platter,178,377.0,2.1179775280898876,10.0,2022-06-23,2026-03-31,96.62788880839761
Kenang,138,347.0,2.5144927536231885,23.0,2025-09-06,2026-03-31,97.12077953438161
Kirana Strawberry,283,346.0,1.2226148409893993,4.0,2022-01-06,2026-03-29,97.61224982599678
Puspa Matcha,231,328.0,1.41991341991342,7.0,2022-01-01,2026-03-31,98.07815229897304
Latte Ice,214,275.0,1.2850467289719627,5.0,2022-02-20,2026-03-31,98.46877175040127
Rayu,151,258.0,1.7086092715231789,7.0,2025-05-17,2026-03-30,98.83524381755942
Taro Hot,215,250.0,1.1627906976744187,3.0,2022-01-11,2026-03-29,99.1903524097669
Virya Choco Banana,78,116.0,1.4871794871794872,7.0,2025-09-25,2026-03-29,99.35512279655119
Magic,71,103.0,1.4507042253521127,4.0,2025-09-20,2026-03-31,99.50142753654067
Anindita Honey Butter,72,96.0,1.3333333333333333,3.0,2025-09-25,2026-03-31,99.63778923594835
Nasi Goreng Kunyit,62,93.0,1.5,4.0,2025-11-26,2026-03-31,99.76988963224954
Cookies Original,36,84.0,2.3333333333333335,7.0,2026-02-05,2026-03-31,99.88920611923126
Memukau,27,45.0,1.6666666666666667,4.0,2026-02-11,2026-03-31,99.95312566582861
Menawan,21,33.0,1.5714285714285714,4.0,2026-02-11,2026-03-29,100.0
