antecedents,consequents,antecedent support,consequent support,support,confidence,lift,representativity,leverage,conviction,zhangs_metric,jaccard,certainty,kulczynski
frozenset({'Roti bakar coklat'}),frozenset({'add Keju'}),0.04895104895104895,0.006842619745845552,0.0051883600270697045,0.10599078341013825,15.489795918367347,1.0,0.004853406612937405,1.1109028428616057,0.9835890878090368,0.1025260029717682,0.09983127109111362,0.4321162708259482
frozenset({'add Keju'}),frozenset({'Roti bakar coklat'}),0.006842619745845552,0.04895104895104895,0.0051883600270697045,0.7582417582417582,15.489795918367346,1.0,0.004853406612937405,3.9338842975206605,0.9418863402944198,0.1025260029717682,0.7457983193277311,0.4321162708259482
frozenset({'Add Espresso'}),frozenset({'Arunika'}),0.013910820362433267,0.045717723137077976,0.005940296262876908,0.427027027027027,9.34051386913229,1.0,0.005304325228937557,1.665492653015477,0.9055362613730036,0.11064425770308123,0.3995770571611718,0.2784806187766714
frozenset({'Arunika'}),frozenset({'Add Espresso'}),0.045717723137077976,0.013910820362433267,0.005940296262876908,0.1299342105263158,9.34051386913229,1.0,0.005304325228937557,1.1333501346307004,0.935718424997681,0.11064425770308123,0.11766013922445277,0.2784806187766714
frozenset({'Mie Goreng'}),frozenset({'Add Telur'}),0.05857583276938116,0.024212346792991956,0.008271298593879239,0.14120667522464697,5.8320110987968325,1.0,0.00685304021717868,1.13623106404822,0.8800842288701713,0.11099899091826437,0.11989732402038838,0.24141079102847254
frozenset({'Add Telur'}),frozenset({'Mie Goreng'}),0.024212346792991956,0.05857583276938116,0.008271298593879239,0.3416149068322981,5.8320110987968325,1.0,0.00685304021717868,1.429898970982355,0.8490910491989323,0.11099899091826437,0.3006498918500585,0.24141079102847254
frozenset({'Add Telur'}),frozenset({'Nasi Goreng Jawa'}),0.024212346792991956,0.055944055944055944,0.005789909015715467,0.23913043478260868,4.27445652173913,1.0,0.004435372132191442,1.2407592407592407,0.7850602814770188,0.07785642062689585,0.1940418679549114,0.17131252921926132
frozenset({'Nasi Goreng Jawa'}),frozenset({'Add Telur'}),0.055944055944055944,0.024212346792991956,0.005789909015715467,0.10349462365591398,4.27445652173913,1.0,0.004435372132191442,1.0884348035772324,0.8114478114478114,0.07785642062689585,0.08124951837866996,0.17131252921926132
frozenset({'Add Espresso'}),frozenset({'Basreng'}),0.013910820362433267,0.13858184825926761,0.005037972779908264,0.3621621621621621,2.613344869557566,1.0,0.0031101855832796066,1.350528458237589,0.6260576027897723,0.034166241713411524,0.2595491091650309,0.19925796659383202
frozenset({'Tubruk'}),frozenset({'Singkong keju'}),0.09820287239642078,0.04398826979472141,0.010602300924881571,0.10796324655436448,2.4543644716692192,1.0,0.006282526479291214,1.0717178709425699,0.6570907497458625,0.08057142857142857,0.06691861065962665,0.17449444379000276
frozenset({'Singkong keju'}),frozenset({'Tubruk'}),0.04398826979472141,0.09820287239642078,0.010602300924881571,0.24102564102564103,2.4543644716692192,1.0,0.006282526479291214,1.1881786478560672,0.6198276987338467,0.08057142857142857,0.15837571916951557,0.17449444379000276
frozenset({'Husgendam Hot'}),frozenset({'Singkong keju'}),0.05308669824798857,0.04398826979472141,0.0054139408978118655,0.1019830028328612,2.318413597733711,1.0,0.00307874889276838,1.0645808856860044,0.6005518939093147,0.059064807219031984,0.060663202349710635,0.11252996295489213
frozenset({'Singkong keju'}),frozenset({'Husgendam Hot'}),0.04398826979472141,0.05308669824798857,0.0054139408978118655,0.12307692307692307,2.318413597733711,1.0,0.00307874889276838,1.0798134142786096,0.5948364008179959,0.059064807219031984,0.07391407925037718,0.11252996295489213
frozenset({'Singkong keju'}),frozenset({'Tahu tuna'}),0.04398826979472141,0.06120760959470637,0.005865102639296188,0.13333333333333333,2.1783783783783783,1.0,0.003172685794954265,1.083221988929185,0.5658329400660688,0.05904617713853141,0.07682819383259912,0.11457821457821457
frozenset({'Nasi gila'}),frozenset({'Nasi Goreng Jawa'}),0.05692157305060531,0.055944055944055944,0.006917813369426273,0.1215323645970938,2.1723910171730516,1.0,0.0037333897022595423,1.074662179925338,0.572251149182226,0.06529453513129879,0.06947502323988454,0.12259413928779421
frozenset({'Nasi Goreng Jawa'}),frozenset({'Nasi gila'}),0.055944055944055944,0.05692157305060531,0.006917813369426273,0.12365591397849462,2.1723910171730516,1.0,0.0037333897022595423,1.0761508430220086,0.571658615136876,0.06529453513129879,0.07076223887737204,0.12259413928779421
frozenset({'Kentang goreng'}),frozenset({'Coklat ice'}),0.1152718249492443,0.04880066170388751,0.012030979772915257,0.10437051532941943,2.138711068360476,1.0,0.006405638439577446,1.062045583108478,0.6017991458439571,0.0791295746785361,0.05842082872458095,0.17545182160923975
frozenset({'Coklat ice'}),frozenset({'Kentang goreng'}),0.04880066170388751,0.1152718249492443,0.012030979772915257,0.24653312788906007,2.138711068360476,1.0,0.006405638439577446,1.1742097865193057,0.5597445652173914,0.0791295746785361,0.14836342578587536,0.17545182160923975
frozenset({'Mie goreng'}),frozenset({'Lychee Tea ice'}),0.02090382735544026,0.1170764719151816,0.005113166403488984,0.24460431654676257,2.0892696247626175,1.0,0.002665820047189978,1.1688225752741883,0.5324950193578699,0.038483305036785515,0.14443815412667305,0.14413902404088288
frozenset({'Taro ice'}),frozenset({'Kentang goreng'}),0.02594180013534852,0.1152718249492443,0.0062410707571997895,0.24057971014492754,2.0870642956408294,1.0,0.0032507121131296127,1.1650046579866822,0.5347299340948789,0.04623955431754875,0.14163433326681893,0.14736095748603195
frozenset({'Ayam chili padi'}),frozenset({'Kopi susu ice'}),0.016016241822693435,0.15647793067147905,0.0051883600270697045,0.323943661971831,2.070219490900231,1.0,0.002682171649520638,1.2477097275484372,0.5253739475974989,0.03101123595505618,0.19853153508320384,0.1785503989820712
frozenset({'Nasi Goreng Jawa'}),frozenset({'Lemon Hot'}),0.055944055944055944,0.06083164147680277,0.006767426122264832,0.12096774193548387,1.988566131025958,1.0,0.003364257368317824,1.0684117106135456,0.5265843621399177,0.06151742993848256,0.064031224979984,0.11610809840902747
frozenset({'Lemon Hot'}),frozenset({'Nasi Goreng Jawa'}),0.06083164147680277,0.055944055944055944,0.006767426122264832,0.11124845488257107,1.988566131025958,1.0,0.003364257368317824,1.062227063617884,0.5293247931678676,0.06151742993848256,0.058581696653390095,0.11610809840902747
frozenset({'Coklat ice'}),frozenset({'Matcha ice'}),0.04880066170388751,0.05459057071960298,0.005263553650650425,0.10785824345146379,1.975766914133632,1.0,0.002599497676740933,1.0597076331657647,0.5192049689440994,0.05363984674329502,0.05634349635417298,0.10213848811691648
frozenset({'Kirana'}),frozenset({'Tahu tuna'}),0.053913828107376494,0.06120760959470637,0.0064666516279419505,0.11994421199442121,1.9596290851520979,1.0,0.003166715085389543,1.0667419079565696,0.5176054385556332,0.05951557093425606,0.06256612537555528,0.11279765882276344
frozenset({'Tahu tuna'}),frozenset({'Kirana'}),0.06120760959470637,0.053913828107376494,0.0064666516279419505,0.10565110565110565,1.9596290851520977,1.0,0.003166715085389543,1.0578490987920268,0.521626882491548,0.05951557093425606,0.05468558687442808,0.11279765882276344
frozenset({'Nasi Goreng Jawa'}),frozenset({'Lemon Ice'}),0.055944055944055944,0.06586961425671103,0.006917813369426273,0.12365591397849462,1.877283105022831,1.0,0.0032327999844354457,1.0659401947745506,0.4950080515297906,0.060209424083769635,0.061861064155196,0.11433937251436146
frozenset({'Lemon Ice'}),frozenset({'Nasi Goreng Jawa'}),0.06586961425671103,0.055944055944055944,0.006917813369426273,0.1050228310502283,1.877283105022831,1.0,0.0032327999844354457,1.0548380191237334,0.5002677362115852,0.060209424083769635,0.05198714696431591,0.11433937251436146
"frozenset({'Lychee Tea ice', 'Kopi susu ice'})",frozenset({'Basreng'}),0.022934055192119707,0.13858184825926761,0.005865102639296188,0.25573770491803277,1.84539106766409,1.0,0.0026868588826921857,1.157412054100984,0.46886235461731846,0.03768115942028985,0.13600346872424213,0.14903000275744285
"frozenset({'Lychee Tea ice', 'Basreng'})",frozenset({'Kopi susu ice'}),0.020527859237536656,0.15647793067147905,0.005865102639296188,0.28571428571428575,1.8259078739616945,1.0,0.002652945704691046,1.1809308970599295,0.46180715492092744,0.03427065026362038,0.15321040165040883,0.16159813276584062
frozenset({'Singkong keju'}),frozenset({'Kentang goreng'}),0.04398826979472141,0.1152718249492443,0.009248815700428605,0.21025641025641026,1.8240052185257665,1.0,0.004178207564831347,1.1202726891876453,0.4725422714349843,0.061654135338345864,0.1073601903790583,0.14524562195795074
frozenset({'Matcha ice'}),frozenset({'Kentang goreng'}),0.05459057071960298,0.1152718249492443,0.011429430784269494,0.209366391184573,1.8162841724485561,1.0,0.005136676072400078,1.1190115942279593,0.4753764332090068,0.07214048410061699,0.10635421012779503,0.15425919037376074
frozenset({'Coklat Hot'}),frozenset({'Kentang goreng'}),0.04188284833446124,0.1152718249492443,0.008647266711782842,0.2064631956912029,1.7910985254385565,1.0,0.0038193543501970776,1.1149176323603416,0.4609910395610546,0.058227848101265835,0.10307275535418214,0.14073975179211157
frozenset({'Tubruk'}),frozenset({'Lemon Hot'}),0.09820287239642078,0.06083164147680277,0.010602300924881571,0.10796324655436448,1.7747876587472105,1.0,0.004628458999270291,1.0528359452629148,0.48409148835638766,0.07142857142857144,0.05018440479795783,0.1411262462685296
frozenset({'Lemon Hot'}),frozenset({'Tubruk'}),0.06083164147680277,0.09820287239642078,0.010602300924881571,0.17428924598269468,1.7747876587472102,1.0,0.004628458999270291,1.0921465213043346,0.46482860046902774,0.07142857142857144,0.08437194049227521,0.1411262462685296
frozenset({'Kopi Susu Hot'}),frozenset({'Kentang goreng'}),0.0461688848785623,0.1152718249492443,0.009399202947590045,0.20358306188925082,1.766112941986397,1.0,0.004077231331766599,1.1108856840105603,0.4547815530153725,0.06181998021760633,0.099817366995168,0.1425612634951799
frozenset({'Red Velvet ice'}),frozenset({'Kentang goreng'}),0.029927062185126703,0.1152718249492443,0.006015489886457628,0.20100502512562812,1.7437480946808404,1.0,0.0025657428130085543,1.107301300849688,0.4396810324781025,0.04321988114532684,0.09690343609941597,0.12659514139516892
frozenset({'Nasi gila'}),frozenset({'Lemon Ice'}),0.05692157305060531,0.06586961425671103,0.0064666516279419505,0.11360634081902246,1.7247154412696115,1.0,0.0027172495682133806,1.0538549955404914,0.44555595524618674,0.05559146735617324,0.0511028516905884,0.10588992840037881
frozenset({'Tahu tuna'}),frozenset({'Kentang goreng'}),0.06120760959470637,0.1152718249492443,0.012106173396495978,0.1977886977886978,1.7158459829692707,1.0,0.005050660537733299,1.1028617679805746,0.4443976249760582,0.0736505032021958,0.09326805132516504,0.15140576441946305
frozenset({'Kentang goreng'}),frozenset({'Tahu tuna'}),0.1152718249492443,0.06120760959470637,0.012106173396495978,0.10502283105022832,1.7158459829692707,1.0,0.005050660537733299,1.0489568035650985,0.47155399862536856,0.0736505032021958,0.046671896686983294,0.15140576441946305
frozenset({'V60'}),frozenset({'Kentang goreng'}),0.037296037296037296,0.1152718249492443,0.007368975110910595,0.1975806451612903,1.7140410958904109,1.0,0.003069792828421297,1.1025758161436554,0.43272224143894844,0.050750906266183324,0.09303289138194797,0.13075379290027986
frozenset({'Nasi gila'}),frozenset({'Lychee Tea ice'}),0.05692157305060531,0.1170764719151816,0.010978269042785172,0.1928665785997358,1.6473555740513077,1.0,0.004314092094158022,1.0939003449430564,0.4166848703424985,0.06734317343173432,0.08583994454078404,0.14331832462420957
frozenset({'Husgendam Hot'}),frozenset({'Cireng'}),0.05308669824798857,0.0801564027370479,0.006917813369426273,0.13031161473087818,1.6257168520693706,1.0,0.0026625746046803657,1.0576703251916029,0.4064645990353509,0.054761904761904755,0.05452580432485482,0.10830777734667738
frozenset({'Ayam Teriyaki'}),frozenset({'Lychee Tea ice'}),0.030077449432288142,0.1170764719151816,0.005714715392134747,0.19,1.6228709055876684,1.0,0.0021933537283951696,1.0900290470182943,0.395709989758488,0.0404040404040404,0.08259325498211548,0.11940590879897238
frozenset({'Kirana'}),frozenset({'Cireng'}),0.053913828107376494,0.0801564027370479,0.006993006993006993,0.1297071129707113,1.6181753240126544,1.0,0.0026714684741361502,1.0569356718550267,0.40378984827275016,0.05502958579881658,0.0538686254718785,0.10847456961856392
frozenset({'Coklat ice'}),frozenset({'Cireng'}),0.04880066170388751,0.0801564027370479,0.00631626438078051,0.12942989214175654,1.6147168251343529,1.0,0.002404578887409272,1.0565991055285944,0.4002277432712215,0.05150214592274678,0.05356724724868964,0.1041145708363567
frozenset({'Kopi Susu Hot'}),frozenset({'Tubruk'}),0.0461688848785623,0.09820287239642078,0.007218587863749154,0.1563517915309446,1.592130532595737,1.0,0.0026846707533346595,1.0689255527965205,0.38991262646170016,0.05263157894736842,0.06448115363712435,0.11492934140100064
"frozenset({'Kopi susu ice', 'Basreng'})",frozenset({'Lychee Tea ice'}),0.03173170915106399,0.1170764719151816,0.005865102639296188,0.1848341232227488,1.57874695230529,1.0,0.0021500660840509333,1.083121304801725,0.3785998888895526,0.04103103629668595,0.0767423781927556,0.11746523116821447
frozenset({'Singkong keju'}),frozenset({'Cireng'}),0.04398826979472141,0.0801564027370479,0.005564328144973306,0.1264957264957265,1.5781113195747343,1.0,0.0020383866756016975,1.0530499107609137,0.38318686784944445,0.046924540266328474,0.050377394479413605,0.09795705649364186
frozenset({'Tahu tuna'}),frozenset({'Cireng'}),0.06120760959470637,0.0801564027370479,0.007669749605233476,0.12530712530712532,1.5632827949901122,1.0,0.0027635677999881952,1.0516189440618582,0.3838127321413146,0.05736782902137233,0.049085216991699473,0.11049596415450075
frozenset({'Lychee tea hot'}),frozenset({'Kentang goreng'}),0.03015264305586886,0.1152718249492443,0.005338747274231145,0.17705735660847882,1.5359985554704239,1.0,0.001862997082137983,1.0750787824101606,0.3598068485342198,0.0381105743424584,0.0698356098534897,0.11168588639295435
frozenset({'Husgendam Ice'}),frozenset({'Cireng'}),0.04985337243401759,0.0801564027370479,0.006090683510038349,0.12217194570135748,1.5241695177132768,1.0,0.002094616511417193,1.0478630669851154,0.3619493979576285,0.0491504854368932,0.0456768336370762,0.09907846816024722
frozenset({'Tubruk Susu'}),frozenset({'Tubruk'}),0.08038198360779006,0.09820287239642078,0.011880592525753816,0.14780168381665107,1.505064772647506,1.0,0.003986850846546822,1.0582010202066148,0.36490886696958097,0.07126747857465043,0.05499996607001106,0.1343908878501326
frozenset({'Tubruk'}),frozenset({'Tubruk Susu'}),0.09820287239642078,0.08038198360779006,0.011880592525753816,0.1209800918836141,1.505064772647506,1.0,0.003986850846546822,1.0461856527946223,0.3721200236002648,0.07126747857465043,0.04414670825512542,0.1343908878501326
frozenset({'Singkong keju'}),frozenset({'Vietnam drip'}),0.04398826979472141,0.08158508158508158,0.005338747274231145,0.12136752136752137,1.4876190476190476,1.0,0.0017499606942422189,1.0452776795189247,0.34286701805927583,0.04440275171982489,0.04331641285956007,0.09340265469297727
frozenset({'Husgendam Ice'}),frozenset({'Kinasih'}),0.04985337243401759,0.09542070832393414,0.007068200616587713,0.14177978883861236,1.4858387799564268,1.0,0.0023111565065968625,1.054017698385293,0.34413580246913583,0.051142546245919476,0.05124932766123905,0.10792693145634322
frozenset({'Husgendam Hot'}),frozenset({'Kinasih'}),0.05308669824798857,0.09542070832393414,0.0075193623580720355,0.141643059490085,1.4844058693133493,1.0,0.0024537920086700133,1.0538498018536346,0.3446247915508616,0.05333333333333333,0.05109817524178223,0.11022263297593296
frozenset({'Ajeng Hot'}),frozenset({'Kentang goreng'}),0.02947590044364238,0.1152718249492443,0.005037972779908264,0.17091836734693877,1.4827419226007428,1.0,0.001640231943747367,1.0671182911381423,0.3354618400983384,0.03606027987082884,0.06289676758005598,0.10731176032056658
frozenset({'Kopi susu ice'}),frozenset({'Basreng'}),0.15647793067147905,0.13858184825926761,0.03173170915106399,0.20278712157616532,1.4633021865661544,1.0,0.010046708306824883,1.0805371752697193,0.3753478034201973,0.12050256996002287,0.07453438633392306,0.21588080983854385
frozenset({'Basreng'}),frozenset({'Kopi susu ice'}),0.13858184825926761,0.15647793067147905,0.03173170915106399,0.2289744981009224,1.4633021865661544,1.0,0.010046708306824883,1.0940261602902632,0.36754990038126506,0.12050256996002287,0.08594507490142335,0.21588080983854385
frozenset({'Waffle vanilla'}),frozenset({'Lychee Tea ice'}),0.030528611173772466,0.1170764719151816,0.0051883600270697045,0.16995073891625614,1.4516216293174633,1.0,0.001614177938374033,1.0637001554968435,0.320912257746873,0.036430834213305174,0.05988544343785474,0.10713336560456352
frozenset({'Cireng'}),frozenset({'Kentang goreng'}),0.0801564027370479,0.1152718249492443,0.013309271373787504,0.16604127579737338,1.440432437592478,1.0,0.0040694965489213916,1.060877654222841,0.33240872494101126,0.0730800990916598,0.057384236514471235,0.1407505791902718
frozenset({'Kentang goreng'}),frozenset({'Cireng'}),0.1152718249492443,0.0801564027370479,0.013309271373787504,0.11545988258317026,1.4404324375924777,1.0,0.0040694965489213916,1.0399116774366561,0.3456022379911092,0.0730800990916598,0.038379872351310504,0.1407505791902718
frozenset({'Mie Goreng'}),frozenset({'Lychee Tea ice'}),0.05857583276938116,0.1170764719151816,0.009850364689074367,0.16816431322207961,1.4363630067697088,1.0,0.0029925128489415405,1.0614157845340642,0.32269955856888527,0.05941043083900228,0.05786213605352041,0.12615023625137378
frozenset({'Nirmala Hot'}),frozenset({'Basreng'}),0.03225806451612903,0.13858184825926761,0.00639145800436123,0.19813519813519814,1.4297341291372763,1.0,0.001921075802449372,1.0742685671417855,0.3105882352941177,0.038866026520347506,0.0691340782122905,0.12212782695690998
frozenset({'Matcha ice'}),frozenset({'Cireng'}),0.05459057071960298,0.0801564027370479,0.0062410707571997895,0.11432506887052342,1.4262749445676275,1.0,0.0018652869849539984,1.0385792404555259,0.3161306643898428,0.04856641310708017,0.037146169452226846,0.09609311604877016
frozenset({'Tubruk Susu'}),frozenset({'Vietnam drip'}),0.08038198360779006,0.08158508158508158,0.009324009324009324,0.11599625818521983,1.421782707470266,1.0,0.0027660386333970815,1.0389265055931722,0.3225878986099755,0.061083743842364535,0.03746800700877997,0.11514098623546706
frozenset({'Vietnam drip'}),frozenset({'Tubruk Susu'}),0.08158508158508158,0.08038198360779006,0.009324009324009324,0.11428571428571428,1.4217827074702658,1.0,0.0027660386333970815,1.0382784056041081,0.32301047977730474,0.061083743842364535,0.03686718841256862,0.11514098623546706
frozenset({'Vietnam drip'}),frozenset({'Kentang goreng'}),0.08158508158508158,0.1152718249492443,0.013309271373787504,0.1631336405529954,1.4152082750908583,1.0,0.003904810130842165,1.0571917069714427,0.31945280908543416,0.07251126587464155,0.0540977635317258,0.13929676156808282
frozenset({'Kentang goreng'}),frozenset({'Vietnam drip'}),0.1152718249492443,0.08158508158508158,0.013309271373787504,0.11545988258317026,1.4152082750908583,1.0,0.003904810130842165,1.0382965117478393,0.33161623407865826,0.07251126587464155,0.03688398382786813,0.13929676156808282
frozenset({'Roti bakar coklat'}),frozenset({'Kentang goreng'}),0.04895104895104895,0.1152718249492443,0.007895330475975638,0.16129032258064518,1.3992172211350296,1.0,0.002252653730208435,1.0548682087143628,0.3000000000000001,0.05050505050505051,0.05201427842937279,0.11489173663278834
frozenset({'Arunika'}),frozenset({'Basreng'}),0.045717723137077976,0.13858184825926761,0.008797653958944282,0.19243421052631582,1.3885960747636865,1.0,0.0024620073884025345,1.0666847988968744,0.293255129989824,0.05012853470437018,0.06251593625955604,0.12795883071079764
frozenset({'Tahu tuna'}),frozenset({'Vietnam drip'}),0.06120760959470637,0.08158508158508158,0.006917813369426273,0.11302211302211301,1.3853281853281851,1.0,0.0019241855470143307,1.0354428581575394,0.29628423673625737,0.05091311566131709,0.03422966113321443,0.09890736987511181
frozenset({'Husgendam Hot'}),frozenset({'Kentang goreng'}),0.05308669824798857,0.1152718249492443,0.00842168584104068,0.15864022662889518,1.3762272497962669,1.0,0.0023022852534651875,1.0515456087303596,0.28870205669816573,0.052656323460272686,0.04901889970573491,0.11584979367974439
frozenset({'Kirana'}),frozenset({'Kinasih'}),0.053913828107376494,0.09542070832393414,0.007068200616587713,0.13110181311018132,1.373934604060127,1.0,0.0019237049501270188,1.041064770676949,0.2876728659990462,0.04968287526427062,0.03944497194948473,0.1025879435921277
frozenset({'Milk Tea Ice'}),frozenset({'Lychee Tea ice'}),0.04744717647943454,0.1170764719151816,0.007594555981652756,0.1600633914421553,1.367169584321916,1.0,0.002039607957103573,1.0511787664556989,0.28193905592011687,0.048394825107810256,0.04868702459455147,0.11246586399339623
frozenset({'Nasi Cumi Asin'}),frozenset({'Lychee Tea ice'}),0.03225806451612903,0.1170764719151816,0.005113166403488984,0.15850815850815853,1.3538856775850996,1.0,0.0013365060191282874,1.0492359932088284,0.27009803921568626,0.03545359749739312,0.04692556634304208,0.10109094502158086
frozenset({'Nasi gila'}),frozenset({'Kinasih'}),0.05692157305060531,0.09542070832393414,0.007293781487329874,0.12813738441215325,1.3428676716290198,1.0,0.0018622846679285559,1.0375250360587605,0.27073568891000466,0.05028512182477967,0.03616783668306118,0.10228776234004038
frozenset({'Nasi gila'}),frozenset({'Kopi susu ice'}),0.05692157305060531,0.15647793067147905,0.011880592525753816,0.20871862615587847,1.3338534402917002,1.0,0.0029736225642296686,1.06602037809965,0.26539939726569367,0.05895522388059702,0.061931628565433036,0.14232183109812185
frozenset({'Mie Goreng'}),frozenset({'Tubruk'}),0.05857583276938116,0.09820287239642078,0.007669749605233476,0.13093709884467267,1.3333326780515329,1.0,0.0019174345742678555,1.037666118763941,0.2655547202906722,0.05143721633888048,0.03629888080841339,0.10451908541008519
frozenset({'Lychee tea hot'}),frozenset({'Basreng'}),0.03015264305586886,0.13858184825926761,0.005564328144973306,0.18453865336658354,1.3316221112979894,1.0,0.0013857191403890282,1.0563568160490329,0.25677875891087243,0.034101382488479264,0.05335017031443736,0.11234528978692715
frozenset({'Roti bakar coklat'}),frozenset({'Cireng'}),0.04895104895104895,0.0801564027370479,0.0051883600270697045,0.10599078341013825,1.3222996515679444,1.0,0.0012646200329484783,1.028897219618869,0.2562872975277067,0.041868932038834954,0.02808562319720662,0.08535936919099783
frozenset({'Singkong keju'}),frozenset({'Lychee Tea ice'}),0.04398826979472141,0.1170764719151816,0.006617038875103391,0.15042735042735042,1.2848640548062513,1.0,0.0014670474418842592,1.0392560642447057,0.23190881204684877,0.042843232716650435,0.03777323567819223,0.10347314855985376
frozenset({'Nasi Goreng Jawa'}),frozenset({'Tubruk'}),0.055944055944055944,0.09820287239642078,0.006993006993006993,0.125,1.272875191424196,1.0,0.0014991400057946412,1.0306252886898049,0.22708084428514533,0.04752171691364334,0.029715250562828317,0.09810490045941807
frozenset({'Red Velvet ice'}),frozenset({'Basreng'}),0.029927062185126703,0.13858184825926761,0.005263553650650425,0.1758793969849246,1.2691373307121607,1.0,0.0011162060600655305,1.0452573914414984,0.21860542372130623,0.03224320589590051,0.043297843968445555,0.10693047440130658
frozenset({'Lychee Tea ice'}),frozenset({'Basreng'}),0.1170764719151816,0.13858184825926761,0.020527859237536656,0.17533718689788053,1.2652247686136262,1.0,0.0043031853718565535,1.0445701419472901,0.2374232818790815,0.08730412535976974,0.0426684050763716,0.16173261949343293
frozenset({'Basreng'}),frozenset({'Lychee Tea ice'}),0.13858184825926761,0.1170764719151816,0.020527859237536656,0.14812805208898533,1.265224768613626,1.0,0.0043031853718565535,1.0364509950702678,0.2433505740069985,0.08730412535976974,0.03516904826532242,0.16173261949343293
frozenset({'Tahu tuna'}),frozenset({'Tubruk'}),0.06120760959470637,0.09820287239642078,0.007594555981652756,0.12407862407862408,1.2634928190058359,1.0,0.0015837929069338662,1.029541180742375,0.2221398351288874,0.05002476473501734,0.028693539699960115,0.10070699963502414
frozenset({'Nasi Goreng Jawa'}),frozenset({'Lychee Tea ice'}),0.055944055944055944,0.1170764719151816,0.008271298593879239,0.1478494623655914,1.262845215157354,1.0,0.0017215658993236255,1.0361121528313957,0.22047138047138048,0.05020538566864445,0.034853517288366546,0.10924907286551888
frozenset({'Tahu tuna'}),frozenset({'Kinasih'}),0.06120760959470637,0.09542070832393414,0.007368975110910595,0.12039312039312039,1.2617085170276658,1.0,0.001528501648568886,1.0283904237769799,0.22094758608289125,0.04937027707808563,0.027606659028105402,0.09880964136283285
frozenset({'Kopi susu ice'}),frozenset({'Lychee Tea ice'}),0.15647793067147905,0.1170764719151816,0.022934055192119707,0.14656415185007207,1.251866830734816,1.0,0.004614171136514557,1.0345517240678532,0.23851538364864425,0.09150915091509151,0.03339777341629266,0.1712268414998594
frozenset({'Lychee Tea ice'}),frozenset({'Kopi susu ice'}),0.1170764719151816,0.15647793067147905,0.022934055192119707,0.19588953114964675,1.251866830734816,1.0,0.004614171136514557,1.04901266928475,0.22787136550591816,0.09150915091509151,0.04672266667491105,0.1712268414998594
frozenset({'Ayam Curry'}),frozenset({'Lychee Tea ice'}),0.04007820136852395,0.1170764719151816,0.005865102639296188,0.14634146341463414,1.2499647539827998,1.0,0.0011728882223632012,1.034281847185073,0.20832680557731476,0.03876739562624254,0.03314555628949236,0.09821890126415714
frozenset({'Tubruk Susu'}),frozenset({'Kentang goreng'}),0.08038198360779006,0.1152718249492443,0.011279043537108053,0.1403180542563143,1.217279715299885,1.0,0.0020132655935978534,1.0291342972026745,0.19409811937857735,0.061174551386623165,0.028309519255033475,0.11908270618882251
frozenset({'Matcha ice'}),frozenset({'Basreng'}),0.05459057071960298,0.13858184825926761,0.009173622076847883,0.16804407713498623,1.2125980367977112,1.0,0.0016083598889970454,1.0354132088804169,0.1854481304591024,0.04985696771557008,0.0342020060944642,0.11712024800862171
frozenset({'Kirana'}),frozenset({'Kentang goreng'}),0.053913828107376494,0.1152718249492443,0.0075193623580720355,0.1394700139470014,1.2099228411488399,1.0,0.0013046170021348853,1.0281200996943143,0.18338817358130668,0.046511627906976744,0.02735098720730678,0.10235079301394427
frozenset({'Tahu tuna'}),frozenset({'Lychee Tea ice'}),0.06120760959470637,0.1170764719151816,0.00857207308820212,0.14004914004914004,1.196219340728011,1.0,0.0014061021024920801,1.0267139312300604,0.17472756781822388,0.05050952591936198,0.02601886505821098,0.1066334332230286
frozenset({'Roti bakar coklat'}),frozenset({'Kopi susu ice'}),0.04895104895104895,0.15647793067147905,0.009023234829686443,0.18433179723502305,1.1780050799752866,1.0,0.0013634759856280274,1.0341485256739493,0.15888480392156865,0.045941807044410414,0.03302091027175714,0.12099819078473882
frozenset({'Coklat ice'}),frozenset({'Lychee Tea ice'}),0.04880066170388751,0.1170764719151816,0.006692232498684112,0.13713405238828966,1.1713203357173179,1.0,0.0009788231992666468,1.0232453030840127,0.15376648754274536,0.04204062352385451,0.022717234092306596,0.09714762991925723
frozenset({'Lemon Ice'}),frozenset({'Lychee Tea ice'}),0.06586961425671103,0.1170764719151816,0.009023234829686443,0.136986301369863,1.1700583313537625,1.0,0.0013114527860967678,1.0230701198443135,0.15559043709248965,0.05188067444876784,0.022549891152938855,0.10702879615699315
frozenset({'Kirana'}),frozenset({'Basreng'}),0.053913828107376494,0.13858184825926761,0.008722460335363561,0.16178521617852162,1.1674343949854362,1.0,0.0012509823895108744,1.0276818881832033,0.15159382040024336,0.04746317512274959,0.026936242140202432,0.11236303673820275
frozenset({'Cireng'}),frozenset({'Kinasih'}),0.0801564027370479,0.09542070832393414,0.008872847582525002,0.11069418386491557,1.160064579369198,1.0,0.0012242668566573587,1.0171746043530445,0.15000270177776975,0.05322507893549842,0.01688461772398272,0.10184039374490853
frozenset({'Cappucino'}),frozenset({'Kentang goreng'}),0.05421460260169938,0.1152718249492443,0.007218587863749154,0.13314840499306518,1.1550819556443404,1.0,0.0009691716829532187,1.0206224227385519,0.14195669025282237,0.04448563484708063,0.020205731599759805,0.09788535709535842
frozenset({'Waffle vanilla'}),frozenset({'Kopi susu ice'}),0.030528611173772466,0.15647793067147905,0.005489134521392586,0.17980295566502463,1.1490627137862386,1.0,0.0007120806186464773,1.0284383187608994,0.1338105311473041,0.030240265120132562,0.027651943964090094,0.10744112223424225
frozenset({'Coklat ice'}),frozenset({'Kinasih'}),0.04880066170388751,0.09542070832393414,0.005338747274231145,0.10939907550077041,1.1464919661818327,1.0,0.0006821535677695124,1.015695433041119,0.1343294549908144,0.0384407146724418,0.01545289319075192,0.08267432104431743
frozenset({'Kentang goreng'}),frozenset({'Lychee Tea ice'}),0.1152718249492443,0.1170764719151816,0.015414692834047674,0.13372472276581868,1.1421997996548636,1.0,0.0019190742577657443,1.0192181992123694,0.140717155259263,0.07105719237435008,0.018855824226079246,0.132694089064348
frozenset({'Lychee Tea ice'}),frozenset({'Kentang goreng'}),0.1170764719151816,0.1152718249492443,0.015414692834047674,0.13166345536287732,1.1421997996548634,1.0,0.0019190742577657443,1.018877047747061,0.14100477335892425,0.07105719237435008,0.01852730689026904,0.132694089064348
frozenset({'Donat'}),frozenset({'Kentang goreng'}),0.04120610572223476,0.1152718249492443,0.0054139408978118655,0.1313868613138686,1.1398003056837172,1.0,0.0006640378921583664,1.0185526048903657,0.12792460722034862,0.035838725734196115,0.018214675217842802,0.08917679660605367
frozenset({'Cireng'}),frozenset({'Basreng'}),0.0801564027370479,0.13858184825926761,0.01240694789081886,0.15478424015009382,1.1169156862485607,1.0,0.001298725449704545,1.0191695335800453,0.11379898882555643,0.06013119533527698,0.01880897431530182,0.12215609186017984
frozenset({'Matcha ice'}),frozenset({'Kinasih'}),0.05459057071960298,0.09542070832393414,0.005789909015715467,0.10606060606060606,1.11150512214342,1.0,0.0005808380898431323,1.0119022584850907,0.1061117360329958,0.040145985401459854,0.011762261014131335,0.08336915251808868
frozenset({'Roti bakar coklat'}),frozenset({'Kinasih'}),0.04895104895104895,0.09542070832393414,0.0051883600270697045,0.10599078341013825,1.110773387369132,1.0,0.0005174162629610407,1.0118232283180737,0.10485933503836316,0.03727714748784441,0.01168507303170644,0.08018215293438355
frozenset({'Milk Tea Hot'}),frozenset({'Kentang goreng'}),0.05000375968117904,0.1152718249492443,0.00639145800436123,0.12781954887218044,1.1088533466739254,1.0,0.0006274333715882803,1.0143866144978493,0.10333460596522924,0.04022716516800757,0.0141825752550678,0.09163319257046726
frozenset({'Cireng'}),frozenset({'Lychee Tea ice'}),0.0801564027370479,0.1170764719151816,0.010376720054139409,0.12945590994371484,1.1057380516001694,1.0,0.000992291220273436,1.0142203458388108,0.1039597098368988,0.05553319919517103,0.014020962897416413,0.10904394726472832
frozenset({'Lemon Hot'}),frozenset({'Kentang goreng'}),0.06083164147680277,0.1152718249492443,0.007669749605233476,0.1260815822002472,1.0937762307117336,1.0,0.000657575277544278,1.012369297901077,0.09128950218998723,0.045535714285714284,0.012218167744440556,0.09630889286137605
frozenset({'Lemon Ice'}),frozenset({'Tubruk'}),0.06586961425671103,0.09820287239642078,0.007068200616587713,0.10730593607305935,1.0926965113595837,1.0,0.0005996152929344609,1.0101972938372576,0.09081473793461342,0.04501915708812261,0.01009435869554043,0.0896407168879845
frozenset({'Kinasih'}),frozenset({'Kentang goreng'}),0.09542070832393414,0.1152718249492443,0.011880592525753816,0.12450748620961385,1.080120716961288,1.0,0.0008812733393043816,1.0105491036358316,0.08200227279901506,0.059757942511346446,0.010438981735649725,0.11378668504870777
frozenset({'Kentang goreng'}),frozenset({'Kinasih'}),0.1152718249492443,0.09542070832393414,0.011880592525753816,0.10306588388780169,1.080120716961288,1.0,0.0008812733393043816,1.008523675737752,0.08384220140847792,0.059757942511346446,0.008451636726839119,0.11378668504870777
frozenset({'Roti bakar coklat'}),frozenset({'Tubruk'}),0.04895104895104895,0.09820287239642078,0.0051883600270697045,0.10599078341013825,1.0793043097790418,1.0,0.00038122641325889686,1.0087112200514263,0.07725916453537936,0.036546610169491525,0.008635990041810104,0.07941193075560511
frozenset({'Roti bakar coklat'}),frozenset({'Lychee Tea ice'}),0.04895104895104895,0.1170764719151816,0.006165877133619069,0.1259600614439324,1.075878520965226,1.0,0.00043486102588290686,1.010163825629555,0.07415710186513624,0.03857008466603951,0.010061561671168194,0.08931272179454167
frozenset({'Milk Tea Hot'}),frozenset({'Basreng'}),0.05000375968117904,0.13858184825926761,0.007444168734491315,0.14887218045112782,1.0742545457512473,1.0,0.0005145552979612779,1.0120902312854896,0.0727602125417544,0.0410958904109589,0.011945803755198053,0.10129447329664368
frozenset({'Mie Goreng'}),frozenset({'Kentang goreng'}),0.05857583276938116,0.1152718249492443,0.007218587863749154,0.12323491655969192,1.069080988471848,1.0,0.00046644472250084116,1.0090823548529118,0.06863767971246006,0.043321299638989175,0.009000608135929188,0.0929286128786718
frozenset({'Nasi Goreng Jawa'}),frozenset({'Kentang goreng'}),0.055944055944055944,0.1152718249492443,0.006767426122264832,0.12096774193548387,1.0494129158512722,1.0,0.00031865269853088504,1.0064797587733367,0.04987654320987657,0.0411522633744856,0.006438041815400311,0.08983807840414115
frozenset({'Husgendam Hot'}),frozenset({'Basreng'}),0.05308669824798857,0.13858184825926761,0.007669749605233476,0.14447592067988668,1.0425313451556228,1.0,0.0003128968440451966,1.006889429021452,0.0430833812124072,0.04168369431957499,0.006842289553230881,0.09991023380711643
frozenset({'Coklat ice'}),frozenset({'Basreng'}),0.04880066170388751,0.13858184825926761,0.006993006993006993,0.14329738058551617,1.0340270561078564,1.0,0.00023012109780700188,1.005504281438373,0.0345956054230949,0.038766152563568156,0.005474150175172789,0.09687929257165119
frozenset({'Vietnam drip'}),frozenset({'Tubruk'}),0.08158508158508158,0.09820287239642078,0.008271298593879239,0.10138248847926268,1.0323780354408227,1.0,0.00025940923752789356,1.0035383419998805,0.034148592524227105,0.04822446295484436,0.003525866279139029,0.09280456736367422
frozenset({'Lemon Ice'}),frozenset({'Kentang goreng'}),0.06586961425671103,0.1152718249492443,0.0077449432288141965,0.11757990867579908,1.020022965087705,1.0,0.00015203258474035496,1.0026156291648927,0.02101410709387292,0.04466608846487424,0.002608805497148732,0.09238421395955643
frozenset({'Kinasih'}),frozenset({'Basreng'}),0.09542070832393414,0.13858184825926761,0.013459658620948944,0.14105594956658787,1.0178529968996484,1.0,0.00023608049920966975,1.002880398677972,0.019390072305270345,0.061029662461643375,0.0028721258105841585,0.11909010175019573
frozenset({'Tubruk'}),frozenset({'Kentang goreng'}),0.09820287239642078,0.1152718249492443,0.011504624407850215,0.11715160796324657,1.0163073935441722,1.0,0.00018460009145702255,1.0021292251659037,0.0177930590229922,0.0569620253164557,0.0021247011986415226,0.10847795662350196
frozenset({'Ayam Curry'}),frozenset({'Kopi susu ice'}),0.04007820136852395,0.15647793067147905,0.00631626438078051,0.1575984990619137,1.0071611912659253,1.0,4.4910365599042795e-05,1.001330207020271,0.007407138007952775,0.03320158102766799,0.0013284399201631616,0.09898185404801596
frozenset({'Milk Tea Ice'}),frozenset({'Basreng'}),0.04744717647943454,0.13858184825926761,0.006541845251522671,0.13787638668779714,0.9949094229848151,1.0,-3.3472159681018077e-05,0.9991817164492687,-0.0053427866964610654,0.03644742354419774,-0.0008189536870623093,0.09254101483060503
frozenset({'Nasi gila'}),frozenset({'Basreng'}),0.05692157305060531,0.13858184825926761,0.0077449432288141965,0.13606340819022458,0.9818270567128576,1.0,-0.00014335357036360501,0.9970849248742117,-0.019248697975978977,0.04124949939927913,-0.0029235976325247275,0.09597527436098316
frozenset({'Donat'}),frozenset({'Basreng'}),0.04120610572223476,0.13858184825926761,0.005564328144973306,0.13503649635036497,0.9744169099096601,1.0,-0.0001460901455807703,0.9959011543331675,-0.026653270229788938,0.031937850668968495,-0.004115715348856175,0.08759421127881786
frozenset({'Donat'}),frozenset({'Kopi susu ice'}),0.04120610572223476,0.15647793067147905,0.006165877133619069,0.14963503649635035,0.9562692697573106,1.0,-0.0002819690208264178,0.9919529913992048,-0.045524587111073864,0.03219473890851983,-0.008112288254148392,0.09451958456244716
frozenset({'Lemon Ice'}),frozenset({'Basreng'}),0.06586961425671103,0.13858184825926761,0.008647266711782842,0.1312785388127854,0.9472996677543315,1.0,-0.00048106617603717837,0.9915930366949824,-0.056207588153221764,0.04416282642089094,-0.008478239553837905,0.09683840125663687
frozenset({'Kentang goreng'}),frozenset({'Kopi susu ice'}),0.1152718249492443,0.15647793067147905,0.01706895255282352,0.14807566862361385,0.9463038524869969,1.0,-0.0009685440799591973,0.9901373141505533,-0.060270594916159326,0.06702096250369059,-0.009960927346635708,0.12857892032814522
frozenset({'Kopi susu ice'}),frozenset({'Kentang goreng'}),0.15647793067147905,0.1152718249492443,0.01706895255282352,0.1090821720326766,0.9463038524869969,1.0,-0.0009685440799591973,0.9930524985332376,-0.06302924512820346,0.06702096250369059,-0.006996106929919586,0.12857892032814522
frozenset({'Tahu tuna'}),frozenset({'Kopi susu ice'}),0.06120760959470637,0.15647793067147905,0.009023234829686443,0.14742014742014742,0.9421146278426432,1.0,-0.0005544052610409779,0.9893760294429625,-0.06142756729192231,0.043243243243243246,-0.010738051297865878,0.102542365877301
frozenset({'Matcha ice'}),frozenset({'Lychee Tea ice'}),0.05459057071960298,0.1170764719151816,0.005865102639296188,0.10743801652892562,0.9176738483096865,1.0,-0.0005261687803911454,0.9892013601691021,-0.08666789599852487,0.03537414965986394,-0.010916523435685421,0.07876717782130288
frozenset({'Cireng'}),frozenset({'Kopi susu ice'}),0.0801564027370479,0.15647793067147905,0.011203849913527334,0.1397748592870544,0.8932560565394217,1.0,-0.0013388581168356003,0.9805829072019666,-0.11497626622228936,0.04969979986657772,-0.019801581952350093,0.10568752575116777
frozenset({'Basreng'}),frozenset({'Kentang goreng'}),0.13858184825926761,0.1152718249492443,0.014211594856756148,0.10255018990775909,0.8896379488475461,1.0,-0.001762987696928885,0.9858246835662291,-0.12588171459576772,0.05930342014433637,-0.01437914536942987,0.1129189305703179
frozenset({'Kentang goreng'}),frozenset({'Basreng'}),0.1152718249492443,0.13858184825926761,0.014211594856756148,0.12328767123287672,0.8896379488475461,1.0,-0.001762987696928885,0.982555079329273,-0.12297295058885883,0.05930342014433637,-0.01775464911609397,0.1129189305703179
frozenset({'Tahu tuna'}),frozenset({'Basreng'}),0.06120760959470637,0.13858184825926761,0.007444168734491315,0.12162162162162161,0.8776158144036602,1.0,-0.0010380949306747758,0.9806914342894493,-0.1293314530126457,0.038702111024237686,-0.01968872678544467,0.08766919388189057
frozenset({'Mie Goreng'}),frozenset({'Kopi susu ice'}),0.05857583276938116,0.15647793067147905,0.007820136852394917,0.13350449293966624,0.8531841670373,1.0,-0.0013456882467164592,0.9734869511213597,-0.15453907354343893,0.03773584905660377,-0.02723513535348357,0.09174023301476344
frozenset({'Matcha ice'}),frozenset({'Kopi susu ice'}),0.05459057071960298,0.15647793067147905,0.007218587863749154,0.1322314049586777,0.8450482722467346,1.0,-0.0013236316766293554,0.9720587656071527,-0.16244561483856196,0.03541128734784213,-0.028744388077602545,0.08918153621312068
frozenset({'Mie Goreng'}),frozenset({'Basreng'}),0.05857583276938116,0.13858184825926761,0.006767426122264832,0.11553273427471117,0.8336786940419879,1.0,-0.001350121046241784,0.9739401164093333,-0.17486033478643262,0.035545023696682464,-0.02675717238832194,0.08218307902015537
frozenset({'Milk Tea Ice'}),frozenset({'Kopi susu ice'}),0.04744717647943454,0.15647793067147905,0.006165877133619069,0.12995245641838352,0.8304842469524664,1.0,-0.0012585588580873207,0.9695126152027262,-0.17646937573382565,0.0311787072243346,-0.031446093964335675,0.08467829452346375
frozenset({'Nasi Goreng Jawa'}),frozenset({'Kopi susu ice'}),0.055944055944055944,0.15647793067147905,0.007218587863749154,0.12903225806451613,0.8246035559827006,1.0,-0.0015354222437461776,0.9684883018216351,-0.18387909319899243,0.03517772077684134,-0.03253699411659832,0.0875819627660399
frozenset({'Cappucino'}),frozenset({'Basreng'}),0.05421460260169938,0.13858184825926761,0.006165877133619069,0.11373092926490984,0.8206769551242734,1.0,-0.001347282697566129,0.971960074186335,-0.18767312419418736,0.033037872683319904,-0.028848845295562503,0.0791118021256725
frozenset({'Coklat ice'}),frozenset({'Kopi susu ice'}),0.04880066170388751,0.15647793067147905,0.006015489886457628,0.12326656394453003,0.7877568639588203,1.0,-0.0016207366723655844,0.9621191968263798,-0.22072861874147673,0.03018867924528302,-0.0393722558478958,0.08085481008374988
frozenset({'Singkong keju'}),frozenset({'Kopi susu ice'}),0.04398826979472141,0.15647793067147905,0.005338747274231145,0.12136752136752137,0.7756206951786,1.0,-0.0015444461570655876,0.9600397092552232,-0.23230514096185736,0.027360308285163778,-0.041623581149343315,0.0777428668827035
frozenset({'Vietnam drip'}),frozenset({'Kopi susu ice'}),0.08158508158508158,0.15647793067147905,0.009850364689074367,0.1207373271889401,0.7715933273838128,1.0,-0.0029159000510229904,0.9593516197289782,-0.2437509157509156,0.04316309719934103,-0.04237067977485162,0.09184391587702652
frozenset({'Husgendam Ice'}),frozenset({'Basreng'}),0.04985337243401759,0.13858184825926761,0.005113166403488984,0.10256410256410257,0.7400976668475313,1.0,-0.001795606090374797,0.9598659405111019,-0.26985915492957746,0.02789171452009844,-0.04181215083798881,0.06973023359350002
frozenset({'Lemon Ice'}),frozenset({'Kopi susu ice'}),0.06586961425671103,0.15647793067147905,0.007368975110910595,0.11187214611872145,0.7149388136630834,1.0,-0.0029381658221081033,0.9497754919431675,-0.2991489302910355,0.03427771948233648,-0.05288040013969721,0.07948244499592969
frozenset({'Tubruk'}),frozenset({'Kopi susu ice'}),0.09820287239642078,0.15647793067147905,0.01067749454846229,0.10872894333843798,0.6948516181921609,1.0,-0.004689087710124945,0.9464259643840621,-0.32749550414755707,0.04375963020030816,-0.0566066841274838,0.08848268406710463
