Date,Quantity,UniqueItemCount,Net sales,Gross sales
2022-01-01,21.0,14,315000.0,315000.0
2022-01-02,18.0,12,325000.0,325000.0
2022-01-03,25.0,13,452000.0,452000.0
2022-01-04,40.0,23,700000.0,700000.0
2022-01-05,33.0,21,517000.0,517000.0
2022-01-06,29.0,18,466000.0,466000.0
2022-01-07,19.0,15,324000.0,324000.0
2022-01-08,36.0,20,626000.0,626000.0
2022-01-09,53.0,26,898000.0,898000.0
2022-01-10,24.0,17,371000.0,371000.0
2022-01-11,23.0,16,373000.0,373000.0
2022-01-12,27.0,18,397000.0,397000.0
2022-01-13,29.0,17,469000.0,469000.0
2022-01-14,27.0,16,447000.0,447000.0
2022-01-15,18.0,12,292000.0,292000.0
2022-01-16,43.0,26,691000.0,691000.0
2022-01-17,27.0,17,462000.0,462000.0
2022-01-18,19.0,13,296000.0,296000.0
2022-01-19,24.0,15,345000.0,345000.0
2022-01-20,31.0,18,489000.0,489000.0
2022-01-21,29.0,22,470000.0,470000.0
2022-01-22,36.0,22,536000.0,536000.0
2022-01-23,33.0,18,530000.0,530000.0
2022-01-24,34.0,21,522000.0,522000.0
2022-01-25,33.0,20,541000.0,541000.0
2022-01-26,31.0,20,498000.0,498000.0
2022-01-27,22.0,16,371000.0,371000.0
2022-01-28,38.0,20,622000.0,622000.0
2022-01-29,39.0,25,680000.0,680000.0
2022-01-30,21.0,19,352000.0,352000.0
2022-01-31,60.0,16,849000.0,849000.0
2022-02-01,49.0,25,824000.0,824000.0
2022-02-02,37.0,22,610000.0,610000.0
2022-02-03,41.0,24,696000.0,696000.0
2022-02-04,23.0,16,375000.0,375000.0
2022-02-05,29.0,20,546000.0,546000.0
2022-02-06,23.0,16,407000.0,407000.0
2022-02-07,22.0,16,345000.0,345000.0
2022-02-08,34.0,20,507000.0,507000.0
2022-02-09,24.0,16,378000.0,378000.0
2022-02-10,19.0,14,286000.0,286000.0
2022-02-11,28.0,20,426000.0,426000.0
2022-02-12,38.0,22,630000.0,630000.0
2022-02-13,18.0,15,294000.0,294000.0
2022-02-14,43.0,24,708000.0,708000.0
2022-02-15,11.0,10,184000.0,184000.0
2022-02-16,36.0,16,598000.0,598000.0
2022-02-17,38.0,26,634000.0,634000.0
2022-02-18,22.0,13,300000.0,300000.0
2022-02-19,36.0,19,546000.0,546000.0
2022-02-20,35.0,22,587000.0,587000.0
2022-02-21,32.0,23,511000.0,511000.0
2022-02-22,18.0,12,320000.0,320000.0
2022-02-23,15.0,12,269000.0,269000.0
2022-02-24,39.0,22,634000.0,634000.0
2022-02-25,16.0,12,265000.0,265000.0
2022-02-26,29.0,20,476000.0,476000.0
2022-02-27,43.0,25,751000.0,751000.0
2022-02-28,56.0,29,987000.0,987000.0
2022-03-01,19.0,14,350000.0,350000.0
2022-03-02,42.0,23,696000.0,696000.0
2022-03-03,36.0,20,612000.0,612000.0
2022-03-04,22.0,14,334000.0,334000.0
2022-03-05,52.0,26,759000.0,759000.0
2022-03-06,31.0,19,482000.0,482000.0
2022-03-07,14.0,9,215000.0,215000.0
2022-03-08,30.0,15,507000.0,507000.0
2022-03-09,20.0,15,344000.0,344000.0
2022-03-10,30.0,16,485000.0,485000.0
2022-03-11,49.0,28,885000.0,885000.0
2022-03-12,73.0,31,1171000.0,1171000.0
2022-03-13,46.0,23,730000.0,730000.0
2022-03-14,28.0,14,398000.0,398000.0
2022-03-15,29.0,12,436000.0,436000.0
2022-03-16,22.0,15,404000.0,404000.0
2022-03-17,33.0,19,503000.0,503000.0
2022-03-18,15.0,10,256000.0,256000.0
2022-03-19,66.0,30,1099000.0,1099000.0
2022-03-20,32.0,25,544000.0,544000.0
2022-03-21,28.0,14,423000.0,423000.0
2022-03-22,32.0,20,513000.0,513000.0
2022-03-23,31.0,17,478000.0,478000.0
2022-03-24,25.0,16,431000.0,431000.0
2022-03-25,29.0,19,482000.0,482000.0
2022-03-26,32.0,22,537000.0,537000.0
2022-03-27,27.0,13,470000.0,470000.0
2022-03-28,32.0,21,511000.0,511000.0
2022-03-29,34.0,19,546000.0,546000.0
2022-03-30,32.0,16,514000.0,514000.0
2022-03-31,28.0,14,380000.0,380000.0
2022-04-01,32.0,21,538000.0,538000.0
2022-04-02,42.0,25,683000.0,683000.0
2022-04-03,7.0,6,103000.0,103000.0
2022-04-04,30.0,16,522000.0,522000.0
2022-04-05,19.0,13,307000.0,307000.0
2022-04-06,30.0,18,510000.0,510000.0
2022-04-07,24.0,15,380000.0,380000.0
2022-04-08,41.0,19,719000.0,719000.0
2022-04-09,17.0,12,314000.0,314000.0
2022-04-10,15.0,14,264000.0,264000.0
2022-04-11,24.0,12,386000.0,386000.0
2022-04-12,20.0,11,341000.0,341000.0
2022-04-13,18.0,9,265000.0,265000.0
2022-04-14,20.0,17,360000.0,360000.0
2022-04-15,38.0,22,610000.0,610000.0
2022-04-16,47.0,23,779000.0,779000.0
2022-04-17,13.0,7,182000.0,182000.0
2022-04-18,23.0,11,362000.0,362000.0
2022-04-19,22.0,16,354000.0,354000.0
2022-04-20,24.0,13,374000.0,374000.0
2022-04-21,13.0,9,227000.0,227000.0
2022-04-22,18.0,14,286000.0,286000.0
2022-04-23,26.0,15,403000.0,403000.0
2022-04-24,13.0,10,203000.0,203000.0
2022-04-25,18.0,14,310000.0,310000.0
2022-04-26,12.0,11,191000.0,191000.0
2022-04-27,20.0,14,301000.0,301000.0
2022-04-28,29.0,16,469000.0,469000.0
2022-04-29,30.0,20,504000.0,504000.0
2022-04-30,19.0,18,324000.0,324000.0
2022-05-01,37.0,20,668000.0,668000.0
2022-05-02,29.0,18,514000.0,514000.0
2022-05-03,30.0,18,509000.0,509000.0
2022-05-04,47.0,26,783000.0,783000.0
2022-05-05,111.0,34,1854000.0,1854000.0
2022-05-06,76.0,31,1269000.0,1269000.0
2022-05-07,45.0,28,740000.0,740000.0
2022-05-08,45.0,23,701000.0,701000.0
2022-05-09,42.0,26,713000.0,713000.0
2022-05-10,42.0,20,702000.0,712000.0
2022-05-11,51.0,24,846000.0,846000.0
2022-05-12,30.0,19,470000.0,470000.0
2022-05-13,25.0,19,417000.0,417000.0
2022-05-14,71.0,27,1219000.0,1219000.0
2022-05-15,70.0,30,1114000.0,1114000.0
2022-05-16,46.0,22,754000.0,754000.0
2022-05-17,36.0,21,621000.0,621000.0
2022-05-18,15.0,11,280000.0,280000.0
2022-05-19,21.0,15,325000.0,325000.0
2022-05-20,22.0,15,352000.0,352000.0
2022-05-21,29.0,19,525000.0,525000.0
2022-05-22,73.0,19,1142000.0,1142000.0
2022-05-23,10.0,9,155000.0,155000.0
2022-05-24,55.0,27,932000.0,932000.0
2022-05-25,29.0,19,480000.0,480000.0
2022-05-26,40.0,23,612000.0,612000.0
2022-05-27,27.0,19,438000.0,438000.0
2022-05-28,34.0,20,623000.0,623000.0
2022-05-29,46.0,26,710000.0,710000.0
2022-05-30,41.0,24,707000.0,707000.0
2022-05-31,53.0,22,783000.0,783000.0
2022-06-01,54.0,26,839000.0,839000.0
2022-06-02,17.0,11,262000.0,262000.0
2022-06-03,51.0,27,894000.0,894000.0
2022-06-04,44.0,20,648000.0,648000.0
2022-06-05,30.0,20,477000.0,477000.0
2022-06-06,38.0,20,642000.0,642000.0
2022-06-07,32.0,21,502000.0,502000.0
2022-06-08,22.0,16,388000.0,388000.0
2022-06-09,27.0,18,436000.0,436000.0
2022-06-10,44.0,27,791000.0,791000.0
2022-06-11,71.0,27,1096000.0,1096000.0
2022-06-12,71.0,30,1180000.0,1180000.0
2022-06-13,116.0,27,1775000.0,1775000.0
2022-06-14,32.0,17,549000.0,549000.0
2022-06-15,8.0,6,126000.0,126000.0
2022-06-16,20.0,15,325000.0,325000.0
2022-06-17,33.0,14,517000.0,517000.0
2022-06-18,82.0,31,1323000.0,1323000.0
2022-06-19,10.0,8,163000.0,163000.0
2022-06-20,25.0,16,384000.0,384000.0
2022-06-21,34.0,20,543000.0,543000.0
2022-06-22,24.0,15,385000.0,385000.0
2022-06-23,48.0,22,751000.0,751000.0
2022-06-24,27.0,19,482000.0,482000.0
2022-06-25,50.0,23,822000.0,822000.0
2022-06-26,45.0,26,713000.0,713000.0
2022-06-27,31.0,19,513000.0,513000.0
2022-06-28,39.0,20,615000.0,615000.0
2022-06-29,19.0,14,361000.0,361000.0
2022-06-30,36.0,18,606000.0,606000.0
2022-07-01,49.0,24,863000.0,863000.0
2022-07-02,62.0,32,1058000.0,1058000.0
2022-07-03,55.0,26,939000.0,939000.0
2022-07-04,61.0,25,921000.0,921000.0
2022-07-05,46.0,23,763000.0,763000.0
2022-07-06,49.0,24,806000.0,806000.0
2022-07-07,26.0,19,433000.0,433000.0
2022-07-08,34.0,22,578000.0,578000.0
2022-07-09,66.0,30,1112000.0,1112000.0
2022-07-10,22.0,16,352000.0,352000.0
2022-07-11,20.0,12,328000.0,328000.0
2022-07-12,48.0,24,785000.0,785000.0
2022-07-13,28.0,15,422000.0,422000.0
2022-07-14,48.0,25,797000.0,797000.0
2022-07-15,14.0,9,210000.0,210000.0
2022-07-16,73.0,31,1120000.0,1120000.0
2022-07-17,57.0,29,944000.0,944000.0
2022-07-18,29.0,14,500000.0,500000.0
2022-07-19,23.0,16,346000.0,346000.0
2022-07-20,42.0,20,648000.0,648000.0
2022-07-21,51.0,26,800000.0,800000.0
2022-07-22,46.0,27,725000.0,725000.0
2022-07-23,48.0,29,773000.0,773000.0
2022-07-24,47.0,21,692000.0,692000.0
2022-07-25,31.0,21,505000.0,505000.0
2022-07-26,34.0,19,519000.0,519000.0
2022-07-27,33.0,20,521000.0,521000.0
2022-07-28,45.0,26,741000.0,741000.0
2022-07-29,23.0,15,396000.0,396000.0
2022-07-30,40.0,21,611000.0,611000.0
2022-07-31,46.0,26,780000.0,780000.0
2022-08-01,32.0,14,490000.0,490000.0
2022-08-02,22.0,11,325000.0,325000.0
2022-08-03,77.0,35,1290000.0,1290000.0
2022-08-04,17.0,12,287000.0,287000.0
2022-08-05,29.0,19,477000.0,477000.0
2022-08-06,10.0,6,161000.0,161000.0
2022-08-07,37.0,18,661000.0,661000.0
2022-08-08,26.0,17,404000.0,404000.0
2022-08-09,41.0,21,617000.0,617000.0
2022-08-10,42.0,25,708000.0,708000.0
2022-08-11,27.0,21,470000.0,470000.0
2022-08-12,50.0,27,892000.0,892000.0
2022-08-13,16.0,13,258000.0,258000.0
2022-08-14,35.0,20,568000.0,568000.0
2022-08-15,48.0,21,835000.0,835000.0
2022-08-16,24.0,14,376000.0,376000.0
2022-08-17,23.0,14,349000.0,349000.0
2022-08-18,39.0,29,698000.0,698000.0
2022-08-19,19.0,10,275000.0,275000.0
2022-08-20,42.0,24,687000.0,687000.0
2022-08-21,34.0,21,551000.0,551000.0
2022-08-22,26.0,18,411000.0,411000.0
2022-08-23,23.0,18,384000.0,384000.0
2022-08-24,23.0,17,391000.0,391000.0
2022-08-25,15.0,11,250000.0,250000.0
2022-08-26,39.0,18,549000.0,549000.0
2022-08-27,29.0,17,480000.0,480000.0
2022-08-28,42.0,23,689000.0,689000.0
2022-08-29,39.0,22,585000.0,585000.0
2022-08-30,25.0,14,384000.0,384000.0
2022-08-31,14.0,13,240000.0,240000.0
2022-09-01,33.0,21,496000.0,496000.0
2022-09-02,49.0,25,785000.0,785000.0
2022-09-03,50.0,24,761000.0,761000.0
2022-09-04,53.0,26,915000.0,915000.0
2022-09-05,32.0,22,505000.0,505000.0
2022-09-06,25.0,18,413000.0,413000.0
2022-09-07,7.0,7,125000.0,125000.0
2022-09-08,28.0,18,419000.0,419000.0
2022-09-09,64.0,28,1081000.0,1081000.0
2022-09-10,40.0,23,620000.0,620000.0
2022-09-11,32.0,23,572000.0,572000.0
2022-09-12,17.0,14,257000.0,257000.0
2022-09-13,15.0,8,212000.0,212000.0
2022-09-14,14.0,9,219000.0,219000.0
2022-09-15,31.0,19,504000.0,504000.0
2022-09-16,15.0,10,206000.0,206000.0
2022-09-17,40.0,20,663000.0,663000.0
2022-09-18,18.0,11,269000.0,269000.0
2022-09-19,26.0,16,451000.0,451000.0
2022-09-20,41.0,23,646000.0,646000.0
2022-09-21,32.0,26,510000.0,510000.0
2022-09-22,20.0,14,327000.0,327000.0
2022-09-23,29.0,15,464000.0,464000.0
2022-09-24,38.0,23,594000.0,594000.0
2022-09-25,30.0,19,517000.0,517000.0
2022-09-26,28.0,16,454000.0,454000.0
2022-09-27,17.0,8,226000.0,226000.0
2022-09-28,29.0,17,503000.0,503000.0
2022-09-29,18.0,10,285000.0,285000.0
2022-09-30,34.0,18,499000.0,499000.0
2022-10-01,30.0,18,496000.0,496000.0
2022-10-02,9.0,7,116000.0,116000.0
2022-10-03,10.0,7,142000.0,142000.0
2022-10-04,19.0,12,283000.0,283000.0
2022-10-05,35.0,19,577000.0,577000.0
2022-10-06,41.0,19,678000.0,678000.0
2022-10-07,7.0,6,101000.0,101000.0
2022-10-08,34.0,24,590000.0,590000.0
2022-10-09,18.0,12,255000.0,255000.0
2022-10-10,19.0,12,315000.0,315000.0
2022-10-11,26.0,16,392000.0,392000.0
2022-10-12,19.0,11,292000.0,292000.0
2022-10-13,26.0,19,427000.0,427000.0
2022-10-14,39.0,27,666000.0,666000.0
2022-10-15,43.0,23,736000.0,736000.0
2022-10-16,39.0,25,690000.0,690000.0
2022-10-17,69.0,29,1174000.0,1174000.0
2022-10-18,29.0,16,422000.0,422000.0
2022-10-19,20.0,16,309000.0,309000.0
2022-10-20,22.0,15,394000.0,394000.0
2022-10-21,25.0,15,388000.0,388000.0
2022-10-22,18.0,12,272000.0,272000.0
2022-10-23,24.0,16,398000.0,398000.0
2022-10-24,45.0,17,735000.0,735000.0
2022-10-25,28.0,15,447000.0,447000.0
2022-10-26,34.0,23,572000.0,572000.0
2022-10-27,21.0,12,319000.0,319000.0
2022-10-28,49.0,21,834000.0,834000.0
2022-10-29,71.0,31,1158000.0,1158000.0
2022-10-30,40.0,24,630000.0,630000.0
2022-10-31,31.0,18,513000.0,513000.0
2022-11-01,21.0,16,328000.0,328000.0
2022-11-02,25.0,18,383000.0,383000.0
2022-11-03,63.0,26,973250.0,979000.0
2022-11-04,36.0,26,594000.0,594000.0
2022-11-05,15.0,10,266000.0,266000.0
2022-11-06,13.0,11,216000.0,216000.0
2022-11-07,32.0,15,486000.0,509000.0
2022-11-08,32.0,18,513250.0,519000.0
2022-11-09,37.0,18,571000.0,571000.0
2022-11-10,10.0,8,129000.0,129000.0
2022-11-11,30.0,22,482000.0,482000.0
2022-11-12,46.0,25,787000.0,787000.0
2022-11-13,34.0,22,533000.0,533000.0
2022-11-14,40.0,22,635000.0,635000.0
2022-11-15,24.0,18,376000.0,376000.0
2022-11-16,35.0,21,586000.0,586000.0
2022-11-17,35.0,18,547000.0,547000.0
2022-11-18,39.0,26,657250.0,663000.0
2022-11-19,82.0,36,1385250.0,1391000.0
2022-11-20,46.0,30,747250.0,753000.0
2022-11-21,28.0,23,468000.0,468000.0
2022-11-22,54.0,31,910000.0,910000.0
2022-11-23,38.0,25,589000.0,589000.0
2022-11-24,29.0,19,410000.0,410000.0
2022-11-25,27.0,20,488250.0,494000.0
2022-11-26,21.0,17,336000.0,336000.0
2022-11-27,31.0,18,505000.0,505000.0
2022-11-28,50.0,26,820750.0,838000.0
2022-11-29,30.0,20,515000.0,515000.0
2022-11-30,33.0,20,531000.0,531000.0
2022-12-01,48.0,23,705000.0,705000.0
2022-12-02,58.0,28,990000.0,990000.0
2022-12-03,30.0,19,518000.0,518000.0
2022-12-04,59.0,32,998000.0,998000.0
2022-12-05,47.0,23,832000.0,832000.0
2022-12-06,65.0,19,950000.0,950000.0
2022-12-07,52.0,24,854000.0,854000.0
2022-12-08,34.0,24,570000.0,570000.0
2022-12-09,35.0,23,590000.0,590000.0
2022-12-10,44.0,23,690000.0,690000.0
2022-12-11,22.0,17,371000.0,371000.0
2022-12-12,30.0,21,522000.0,522000.0
2022-12-13,26.0,15,364000.0,364000.0
2022-12-14,37.0,23,563000.0,563000.0
2022-12-15,13.0,13,224000.0,224000.0
2022-12-16,56.0,33,883000.0,883000.0
2022-12-17,63.0,37,1036000.0,1036000.0
2022-12-18,171.0,40,2683000.0,2683000.0
2022-12-19,34.0,20,520000.0,520000.0
2022-12-20,32.0,22,508000.0,508000.0
2022-12-21,44.0,24,669000.0,669000.0
2022-12-22,33.0,20,564000.0,564000.0
2022-12-23,36.0,21,593000.0,593000.0
2022-12-24,33.0,23,586000.0,586000.0
2022-12-25,27.0,18,404000.0,404000.0
2022-12-26,33.0,26,562000.0,562000.0
2022-12-27,57.0,25,866000.0,866000.0
2022-12-28,32.0,21,525000.0,525000.0
2022-12-29,73.0,38,1238000.0,1238000.0
2022-12-30,28.0,18,440000.0,440000.0
2022-12-31,103.0,30,1664000.0,1664000.0
2023-01-01,31.0,20,513000.0,513000.0
2023-01-02,51.0,27,803000.0,803000.0
2023-01-03,39.0,24,650000.0,650000.0
2023-01-04,31.0,20,560000.0,560000.0
2023-01-05,7.0,6,106000.0,106000.0
2023-01-06,54.0,24,837000.0,837000.0
2023-01-07,48.0,26,733000.0,733000.0
2023-01-08,36.0,23,561000.0,561000.0
2023-01-09,24.0,17,399000.0,399000.0
2023-01-10,28.0,18,434000.0,434000.0
2023-01-11,43.0,24,767000.0,767000.0
2023-01-12,61.0,27,1065000.0,1065000.0
2023-01-13,23.0,21,396000.0,396000.0
2023-01-14,35.0,21,534000.0,534000.0
2023-01-15,31.0,20,539000.0,539000.0
2023-01-16,26.0,20,450000.0,450000.0
2023-01-17,35.0,26,651000.0,651000.0
2023-01-18,31.0,16,487000.0,487000.0
2023-01-19,14.0,6,197000.0,197000.0
2023-01-20,35.0,21,584000.0,584000.0
2023-01-21,35.0,24,571000.0,571000.0
2023-01-22,22.0,16,382000.0,382000.0
2023-01-23,29.0,18,476000.0,476000.0
2023-01-24,25.0,17,424000.0,424000.0
2023-01-25,8.0,7,127000.0,127000.0
2023-01-26,17.0,10,297000.0,297000.0
2023-01-27,21.0,15,321000.0,321000.0
2023-01-28,33.0,22,560000.0,560000.0
2023-01-29,6.0,6,99000.0,99000.0
2023-01-30,57.0,33,901000.0,901000.0
2023-01-31,36.0,18,572000.0,572000.0
2023-02-01,30.0,20,523000.0,523000.0
2023-02-02,37.0,20,614000.0,614000.0
2023-02-03,21.0,15,338000.0,338000.0
2023-02-04,30.0,22,510000.0,510000.0
2023-02-05,36.0,27,616000.0,616000.0
2023-02-06,11.0,8,209000.0,209000.0
2023-02-07,11.0,7,161000.0,161000.0
2023-02-08,22.0,14,350000.0,350000.0
2023-02-09,27.0,18,412000.0,412000.0
2023-02-10,14.0,10,215000.0,215000.0
2023-02-11,16.0,15,270000.0,270000.0
2023-02-12,38.0,21,662000.0,662000.0
2023-02-13,16.0,12,242000.0,242000.0
2023-02-14,33.0,20,534000.0,534000.0
2023-02-15,14.0,11,202000.0,202000.0
2023-02-16,24.0,15,398000.0,398000.0
2023-02-17,44.0,20,734000.0,734000.0
2023-02-18,67.0,31,1112000.0,1112000.0
2023-02-19,57.0,31,1006000.0,1006000.0
2023-02-20,34.0,17,489000.0,489000.0
2023-02-21,12.0,8,184500.0,187000.0
2023-02-22,19.0,14,275000.0,275000.0
2023-02-23,43.0,24,677000.0,677000.0
2023-02-24,18.0,15,289000.0,289000.0
2023-02-25,32.0,20,532000.0,532000.0
2023-02-26,35.0,23,574000.0,574000.0
2023-02-27,30.0,19,495000.0,495000.0
2023-02-28,54.0,28,869000.0,869000.0
2023-03-01,16.0,10,234000.0,234000.0
2023-03-02,25.0,20,406000.0,406000.0
2023-03-03,31.0,19,517000.0,517000.0
2023-03-04,30.0,21,542000.0,542000.0
2023-03-05,33.0,20,536000.0,536000.0
2023-03-06,19.0,13,296000.0,296000.0
2023-03-07,32.0,18,560000.0,560000.0
2023-03-08,33.0,21,515000.0,515000.0
2023-03-09,32.0,20,537000.0,537000.0
2023-03-10,9.0,7,165000.0,165000.0
2023-03-11,37.0,25,629000.0,629000.0
2023-03-12,20.0,13,339000.0,339000.0
2023-03-13,38.0,18,641000.0,641000.0
2023-03-14,23.0,13,359000.0,359000.0
2023-03-15,6.0,5,82000.0,82000.0
2023-03-16,33.0,22,603000.0,603000.0
2023-03-17,24.0,14,412000.0,412000.0
2023-03-18,38.0,23,631000.0,631000.0
2023-03-19,26.0,19,469000.0,469000.0
2023-03-20,29.0,22,477000.0,477000.0
2023-03-21,35.0,24,576000.0,576000.0
2023-03-22,52.0,27,888000.0,888000.0
2023-03-23,37.0,24,627000.0,627000.0
2023-03-24,13.0,9,191000.0,191000.0
2023-03-25,42.0,23,762000.0,762000.0
2023-03-26,12.0,11,224000.0,224000.0
2023-03-27,14.0,13,269000.0,269000.0
2023-03-28,35.0,19,573000.0,573000.0
2023-03-29,19.0,11,312000.0,312000.0
2023-03-30,14.0,9,205000.0,205000.0
2023-03-31,36.0,19,665000.0,665000.0
2023-04-01,15.0,14,250000.0,250000.0
2023-04-02,25.0,17,479000.0,479000.0
2023-04-03,16.0,9,281000.0,281000.0
2023-04-04,11.0,7,184000.0,184000.0
2023-04-05,37.0,23,622000.0,622000.0
2023-04-06,12.0,10,203000.0,203000.0
2023-04-07,20.0,18,326000.0,326000.0
2023-04-08,65.0,32,1180000.0,1180000.0
2023-04-09,55.0,34,897000.0,897000.0
2023-04-10,16.0,10,308000.0,308000.0
2023-04-11,14.0,11,282000.0,282000.0
2023-04-12,26.0,20,440000.0,440000.0
2023-04-13,10.0,9,170000.0,170000.0
2023-04-14,24.0,17,380000.0,380000.0
2023-04-15,24.0,18,406000.0,406000.0
2023-04-16,31.0,19,576000.0,576000.0
2023-04-17,18.0,13,326000.0,326000.0
2023-04-18,27.0,16,470000.0,470000.0
2023-04-19,92.0,35,1531000.0,1531000.0
2023-04-20,30.0,15,471000.0,471000.0
2023-04-21,26.0,15,451000.0,451000.0
2023-04-22,36.0,16,572000.0,572000.0
2023-04-23,45.0,27,766000.0,766000.0
2023-04-24,68.0,35,1146000.0,1146000.0
2023-04-25,53.0,28,895000.0,895000.0
2023-04-26,37.0,17,628000.0,628000.0
2023-04-27,64.0,28,1155000.0,1155000.0
2023-04-28,28.0,18,419000.0,419000.0
2023-04-29,43.0,23,720000.0,720000.0
2023-04-30,89.0,35,1548000.0,1548000.0
2023-05-01,20.0,14,325000.0,325000.0
2023-05-02,58.0,28,926000.0,926000.0
2023-05-03,40.0,17,750000.0,750000.0
2023-05-04,53.0,29,928000.0,928000.0
2023-05-05,56.0,27,988000.0,988000.0
2023-05-06,12.0,11,235000.0,235000.0
2023-05-07,34.0,22,594000.0,594000.0
2023-05-08,19.0,13,314000.0,314000.0
2023-05-09,19.0,12,349000.0,349000.0
2023-05-10,39.0,26,671000.0,671000.0
2023-05-11,34.0,20,562000.0,562000.0
2023-05-12,30.0,21,535000.0,535000.0
2023-05-13,38.0,23,669000.0,669000.0
2023-05-14,26.0,17,480000.0,480000.0
2023-05-15,29.0,18,482000.0,482000.0
2023-05-16,35.0,17,561000.0,561000.0
2023-05-17,21.0,15,348000.0,348000.0
2023-05-18,62.0,35,1058000.0,1058000.0
2023-05-19,42.0,27,737000.0,737000.0
2023-05-20,83.0,40,1421000.0,1421000.0
2023-05-21,42.0,27,743000.0,743000.0
2023-05-22,31.0,22,546000.0,546000.0
2023-05-23,29.0,18,490000.0,490000.0
2023-05-24,17.0,14,299000.0,299000.0
2023-05-25,38.0,19,569000.0,569000.0
2023-05-26,48.0,26,859000.0,859000.0
2023-05-27,31.0,25,561000.0,561000.0
2023-05-28,22.0,17,424000.0,424000.0
2023-05-29,20.0,12,385000.0,385000.0
2023-05-30,32.0,21,551000.0,551000.0
2023-05-31,37.0,25,642000.0,642000.0
2023-06-01,57.0,30,979000.0,979000.0
2023-06-02,79.0,33,1494000.0,1494000.0
2023-06-03,59.0,32,1112000.0,1112000.0
2023-06-04,55.0,34,1010000.0,1010000.0
2023-06-05,27.0,21,496000.0,496000.0
2023-06-06,14.0,12,249000.0,249000.0
2023-06-07,29.0,17,526000.0,526000.0
2023-06-08,44.0,23,776000.0,776000.0
2023-06-09,42.0,23,703000.0,703000.0
2023-06-10,45.0,26,793000.0,793000.0
2023-06-11,27.0,16,483000.0,483000.0
2023-06-12,52.0,28,970000.0,970000.0
2023-06-13,36.0,24,653000.0,653000.0
2023-06-14,45.0,30,791000.0,791000.0
2023-06-15,36.0,24,630000.0,630000.0
2023-06-16,30.0,19,548000.0,548000.0
2023-06-17,37.0,22,635000.0,635000.0
2023-06-18,33.0,25,594000.0,594000.0
2023-06-19,57.0,31,999000.0,999000.0
2023-06-20,21.0,11,347000.0,347000.0
2023-06-21,48.0,30,909000.0,909000.0
2023-06-22,27.0,18,503000.0,503000.0
2023-06-23,23.0,16,422000.0,422000.0
2023-06-24,48.0,21,832000.0,832000.0
2023-06-25,27.0,17,466000.0,466000.0
2023-06-26,38.0,21,624000.0,624000.0
2023-06-27,61.0,32,1079000.0,1079000.0
2023-06-28,31.0,17,548000.0,548000.0
2023-06-29,42.0,23,724000.0,724000.0
2023-06-30,33.0,24,613000.0,613000.0
2023-07-01,49.0,26,885000.0,885000.0
2023-07-02,65.0,31,1199000.0,1199000.0
2023-07-03,58.0,21,936000.0,936000.0
2023-07-04,29.0,17,476000.0,476000.0
2023-07-05,18.0,14,351000.0,351000.0
2023-07-06,54.0,28,938000.0,938000.0
2023-07-07,29.0,22,515000.0,515000.0
2023-07-08,37.0,25,640000.0,640000.0
2023-07-09,39.0,25,710000.0,710000.0
2023-07-10,39.0,19,763000.0,763000.0
2023-07-11,52.0,28,900000.0,900000.0
2023-07-12,30.0,17,520000.0,520000.0
2023-07-13,19.0,11,324000.0,324000.0
2023-07-14,69.0,30,1217000.0,1217000.0
2023-07-15,65.0,30,1187000.0,1187000.0
2023-07-16,33.0,19,585000.0,585000.0
2023-07-17,26.0,16,437000.0,437000.0
2023-07-18,37.0,19,674000.0,674000.0
2023-07-19,18.0,11,319000.0,319000.0
2023-07-20,26.0,20,414000.0,414000.0
2023-07-21,27.0,19,468000.0,468000.0
2023-07-22,58.0,32,984000.0,984000.0
2023-07-23,44.0,28,761000.0,761000.0
2023-07-24,38.0,22,688000.0,688000.0
2023-07-25,26.0,13,431000.0,431000.0
2023-07-26,23.0,15,433000.0,433000.0
2023-07-27,35.0,18,572000.0,572000.0
2023-07-28,31.0,24,572000.0,572000.0
2023-07-29,44.0,25,785000.0,785000.0
2023-07-30,43.0,23,752000.0,752000.0
2023-07-31,26.0,18,433000.0,433000.0
2023-08-01,31.0,20,591000.0,591000.0
2023-08-02,44.0,18,772000.0,772000.0
2023-08-03,39.0,22,709000.0,709000.0
2023-08-04,15.0,12,308000.0,308000.0
2023-08-05,49.0,28,900000.0,900000.0
2023-08-06,39.0,18,695000.0,695000.0
2023-08-07,32.0,20,554000.0,554000.0
2023-08-08,40.0,23,658000.0,658000.0
2023-08-09,36.0,24,660000.0,660000.0
2023-08-10,15.0,7,234000.0,234000.0
2023-08-11,44.0,22,792000.0,792000.0
2023-08-12,43.0,27,781000.0,781000.0
2023-08-13,53.0,29,970000.0,970000.0
2023-08-14,29.0,20,496000.0,496000.0
2023-08-15,31.0,20,590000.0,590000.0
2023-08-16,28.0,19,536000.0,536000.0
2023-08-17,6.0,6,101000.0,101000.0
2023-08-18,31.0,20,599000.0,599000.0
2023-08-19,50.0,27,965000.0,965000.0
2023-08-20,44.0,25,830000.0,830000.0
2023-08-21,15.0,11,300000.0,300000.0
2023-08-22,25.0,16,462000.0,462000.0
2023-08-23,57.0,24,911000.0,911000.0
2023-08-24,22.0,16,401000.0,401000.0
2023-08-25,47.0,27,853000.0,853000.0
2023-08-26,29.0,20,482000.0,482000.0
2023-08-27,28.0,17,480000.0,480000.0
2023-08-28,40.0,23,694000.0,694000.0
2023-08-29,39.0,22,671000.0,671000.0
2023-08-30,26.0,18,476000.0,476000.0
2023-08-31,17.0,11,306000.0,306000.0
2023-09-01,42.0,26,734000.0,734000.0
2023-09-02,25.0,20,455000.0,455000.0
2023-09-03,25.0,16,430000.0,430000.0
2023-09-04,79.0,37,1368000.0,1368000.0
2023-09-05,34.0,23,582000.0,582000.0
2023-09-06,19.0,14,344000.0,344000.0
2023-09-07,30.0,16,583000.0,583000.0
2023-09-08,34.0,20,643000.0,643000.0
2023-09-09,19.0,14,358000.0,358000.0
2023-09-10,87.0,39,1553000.0,1553000.0
2023-09-11,42.0,24,790000.0,790000.0
2023-09-12,44.0,26,768000.0,768000.0
2023-09-13,27.0,23,493000.0,493000.0
2023-09-14,45.0,27,792000.0,792000.0
2023-09-15,22.0,16,367000.0,367000.0
2023-09-16,40.0,23,672000.0,672000.0
2023-09-17,42.0,25,718000.0,718000.0
2023-09-18,31.0,22,498000.0,498000.0
2023-09-19,32.0,19,569000.0,569000.0
2023-09-20,36.0,18,617000.0,617000.0
2023-09-21,12.0,7,199000.0,199000.0
2023-09-22,44.0,23,727000.0,727000.0
2023-09-23,39.0,25,674000.0,674000.0
2023-09-24,28.0,20,493000.0,493000.0
2023-09-25,17.0,14,289000.0,289000.0
2023-09-26,22.0,16,394000.0,394000.0
2023-09-27,44.0,22,741000.0,741000.0
2023-09-28,51.0,33,944000.0,944000.0
2023-09-29,72.0,40,1293000.0,1293000.0
2023-09-30,60.0,28,1016000.0,1016000.0
2023-10-01,40.0,27,726000.0,726000.0
2023-10-02,39.0,20,715000.0,715000.0
2023-10-03,48.0,30,866000.0,866000.0
2023-10-04,53.0,29,974000.0,974000.0
2023-10-05,47.0,25,766000.0,766000.0
2023-10-06,53.0,27,995000.0,995000.0
2023-10-07,42.0,27,757000.0,757000.0
2023-10-08,40.0,23,723000.0,723000.0
2023-10-10,28.0,10,493000.0,493000.0
2023-10-11,58.0,28,992000.0,992000.0
2023-10-12,24.0,16,454000.0,454000.0
2023-10-13,72.0,25,1177000.0,1177000.0
2023-10-14,57.0,27,1093000.0,1093000.0
2023-10-15,32.0,21,583000.0,583000.0
2023-10-16,53.0,27,893000.0,893000.0
2023-10-17,35.0,19,578000.0,578000.0
2023-10-18,41.0,24,728000.0,728000.0
2023-10-19,32.0,17,571000.0,571000.0
2023-10-20,39.0,21,741000.0,741000.0
2023-10-21,44.0,24,773000.0,773000.0
2023-10-22,50.0,33,919000.0,919000.0
2023-10-23,58.0,26,989000.0,989000.0
2023-10-24,28.0,17,515000.0,515000.0
2023-10-25,28.0,16,466000.0,466000.0
2023-10-26,25.0,17,477000.0,477000.0
2023-10-27,26.0,17,491000.0,491000.0
2023-10-28,92.0,39,1681000.0,1681000.0
2023-10-29,42.0,25,776000.0,776000.0
2023-10-30,23.0,13,406000.0,406000.0
2023-10-31,29.0,17,500000.0,500000.0
2023-11-01,36.0,24,641000.0,641000.0
2023-11-02,51.0,22,921000.0,921000.0
2023-11-03,42.0,23,760000.0,760000.0
2023-11-04,62.0,30,1054000.0,1054000.0
2023-11-05,87.0,34,1610000.0,1610000.0
2023-11-06,41.0,29,741000.0,741000.0
2023-11-07,45.0,25,809000.0,809000.0
2023-11-08,52.0,29,947000.0,947000.0
2023-11-09,60.0,28,1039000.0,1039000.0
2023-11-10,22.0,16,364000.0,364000.0
2023-11-11,46.0,24,813000.0,813000.0
2023-11-12,58.0,31,1046000.0,1046000.0
2023-11-13,36.0,18,583000.0,583000.0
2023-11-14,44.0,23,778000.0,778000.0
2023-11-15,26.0,17,473000.0,473000.0
2023-11-16,41.0,23,721000.0,721000.0
2023-11-17,25.0,16,438000.0,438000.0
2023-11-18,36.0,21,599000.0,599000.0
2023-11-19,63.0,32,1097000.0,1097000.0
2023-11-20,48.0,21,797000.0,797000.0
2023-11-21,46.0,26,815000.0,815000.0
2023-11-22,36.0,22,638000.0,638000.0
2023-11-23,35.0,18,579000.0,579000.0
2023-11-24,48.0,24,789000.0,789000.0
2023-11-25,44.0,22,762000.0,762000.0
2023-11-26,17.0,13,323000.0,323000.0
2023-11-27,24.0,17,431000.0,431000.0
2023-11-28,35.0,23,624000.0,624000.0
2023-11-29,32.0,22,626000.0,626000.0
2023-11-30,36.0,21,604000.0,604000.0
2023-12-01,24.0,18,439000.0,439000.0
2023-12-02,67.0,36,1228000.0,1228000.0
2023-12-03,39.0,24,658000.0,658000.0
2023-12-04,57.0,27,1042000.0,1042000.0
2023-12-05,41.0,20,712000.0,712000.0
2023-12-06,41.0,30,750000.0,750000.0
2023-12-07,26.0,19,438000.0,438000.0
2023-12-08,56.0,31,976000.0,976000.0
2023-12-09,47.0,25,829000.0,829000.0
2023-12-10,100.0,37,1763000.0,1763000.0
2023-12-11,43.0,21,743000.0,743000.0
2023-12-12,17.0,14,284000.0,284000.0
2023-12-13,52.0,25,802000.0,817000.0
2023-12-14,31.0,18,503000.0,518000.0
2023-12-15,31.0,21,518000.0,533000.0
2023-12-16,56.0,23,913000.0,913000.0
2023-12-17,43.0,23,769000.0,769000.0
2023-12-18,54.0,29,1001000.0,1001000.0
2023-12-19,66.0,34,1217000.0,1217000.0
2023-12-20,27.0,17,468000.0,468000.0
2023-12-21,22.0,14,385000.0,385000.0
2023-12-22,43.0,24,760000.0,760000.0
2023-12-23,70.0,29,1179000.0,1194000.0
2023-12-24,64.0,21,1044000.0,1044000.0
2023-12-25,45.0,26,873000.0,873000.0
2023-12-26,65.0,30,1085000.0,1100000.0
2023-12-27,59.0,29,942000.0,942000.0
2023-12-28,50.0,31,928000.0,928000.0
2023-12-29,40.0,26,649000.0,649000.0
2023-12-30,23.0,16,453000.0,453000.0
2023-12-31,16.0,11,296000.0,296000.0
2024-01-01,60.0,28,1036000.0,1036000.0
2024-01-02,42.0,24,710000.0,710000.0
2024-01-03,37.0,22,675000.0,675000.0
2024-01-04,51.0,27,809000.0,809000.0
2024-01-05,16.0,11,286000.0,286000.0
2024-01-06,42.0,28,782000.0,782000.0
2024-01-07,27.0,17,499000.0,499000.0
2024-01-08,72.0,33,1335000.0,1335000.0
2024-01-09,62.0,31,1098000.0,1098000.0
2024-01-10,50.0,28,968000.0,968000.0
2024-01-11,49.0,31,895000.0,895000.0
2024-01-12,48.0,30,873000.0,873000.0
2024-01-13,42.0,26,763000.0,763000.0
2024-01-14,83.0,36,1511000.0,1511000.0
2024-01-15,33.0,25,590000.0,590000.0
2024-01-16,42.0,28,765000.0,765000.0
2024-01-17,24.0,14,425000.0,425000.0
2024-01-18,19.0,13,342000.0,342000.0
2024-01-19,16.0,14,279000.0,279000.0
2024-01-20,54.0,31,977000.0,977000.0
2024-01-21,44.0,28,724000.0,724000.0
2024-01-22,30.0,19,509000.0,509000.0
2024-01-23,17.0,13,320000.0,320000.0
2024-01-24,32.0,16,590000.0,590000.0
2024-01-25,36.0,24,610000.0,610000.0
2024-01-26,32.0,23,547000.0,547000.0
2024-01-27,57.0,34,1038000.0,1038000.0
2024-01-28,17.0,12,297000.0,297000.0
2024-01-29,39.0,20,661000.0,661000.0
2024-01-30,35.0,25,644000.0,644000.0
2024-01-31,31.0,22,549000.0,549000.0
2024-02-01,32.0,20,511000.0,511000.0
2024-02-02,13.0,10,220000.0,220000.0
2024-02-03,52.0,32,935000.0,935000.0
2024-02-04,34.0,21,616000.0,616000.0
2024-02-05,19.0,16,311000.0,311000.0
2024-02-06,35.0,24,625000.0,625000.0
2024-02-07,70.0,34,1286000.0,1286000.0
2024-02-08,90.0,38,1578000.0,1578000.0
2024-02-09,18.0,15,301000.0,301000.0
2024-02-10,79.0,35,1351000.0,1351000.0
2024-02-11,40.0,26,717000.0,717000.0
2024-02-12,39.0,25,675000.0,675000.0
2024-02-13,37.0,24,651000.0,651000.0
2024-02-14,37.0,22,667000.0,667000.0
2024-02-15,30.0,19,528000.0,528000.0
2024-02-16,22.0,16,402000.0,402000.0
2024-02-17,26.0,17,452000.0,452000.0
2024-02-18,25.0,16,457000.0,457000.0
2024-02-19,20.0,15,343000.0,343000.0
2024-02-20,20.0,13,337000.0,337000.0
2024-02-21,56.0,26,925000.0,925000.0
2024-02-22,36.0,20,631000.0,631000.0
2024-02-23,9.0,8,156000.0,156000.0
2024-02-24,41.0,26,755000.0,755000.0
2024-02-25,56.0,24,1038000.0,1038000.0
2024-02-26,32.0,21,582000.0,582000.0
2024-02-27,17.0,12,333000.0,333000.0
2024-02-28,50.0,21,880000.0,880000.0
2024-02-29,40.0,25,702000.0,702000.0
2024-03-01,53.0,29,987000.0,987000.0
2024-03-02,110.0,38,1966000.0,1966000.0
2024-03-03,14.0,11,263000.0,263000.0
2024-03-04,32.0,20,568000.0,568000.0
2024-03-05,58.0,24,1056000.0,1056000.0
2024-03-06,30.0,20,537000.0,537000.0
2024-03-07,64.0,30,1188000.0,1188000.0
2024-03-08,48.0,22,856000.0,856000.0
2024-03-09,39.0,28,721000.0,721000.0
2024-03-10,17.0,11,296000.0,296000.0
2024-03-11,29.0,21,513000.0,513000.0
2024-03-12,20.0,17,359000.0,359000.0
2024-03-13,13.0,11,245000.0,245000.0
2024-03-14,11.0,10,215000.0,215000.0
2024-03-15,19.0,13,371000.0,371000.0
2024-03-16,35.0,24,642000.0,642000.0
2024-03-17,21.0,16,359000.0,359000.0
2024-03-18,11.0,10,217000.0,217000.0
2024-03-19,21.0,15,369000.0,369000.0
2024-03-20,59.0,16,1318000.0,1318000.0
2024-03-21,33.0,22,615000.0,615000.0
2024-03-22,49.0,27,833000.0,833000.0
2024-03-23,41.0,19,717000.0,717000.0
2024-03-24,36.0,22,653000.0,653000.0
2024-03-25,42.0,25,739000.0,739000.0
2024-03-26,25.0,20,462000.0,462000.0
2024-03-27,19.0,9,417000.0,417000.0
2024-03-28,55.0,30,976000.0,976000.0
2024-03-29,42.0,24,756000.0,756000.0
2024-03-30,23.0,16,391000.0,391000.0
2024-03-31,16.0,9,251000.0,251000.0
2024-04-01,49.0,28,844000.0,844000.0
2024-04-02,65.0,26,1258000.0,1258000.0
2024-04-03,80.0,29,1693000.0,1693000.0
2024-04-04,79.0,31,1534000.0,1534000.0
2024-04-05,42.0,19,796000.0,796000.0
2024-04-06,30.0,19,581000.0,581000.0
2024-04-07,38.0,21,740000.0,740000.0
2024-04-08,63.0,17,1391000.0,1391000.0
2024-04-09,34.0,20,630000.0,630000.0
2024-04-10,42.0,31,749000.0,749000.0
2024-04-11,16.0,11,305000.0,305000.0
2024-04-12,74.0,31,1368000.0,1368000.0
2024-04-13,59.0,28,1080000.0,1080000.0
2024-04-14,18.0,14,349000.0,349000.0
2024-04-15,60.0,31,1130000.0,1130000.0
2024-04-16,25.0,15,481000.0,481000.0
2024-04-17,47.0,25,838000.0,838000.0
2024-04-18,42.0,24,751000.0,751000.0
2024-04-19,20.0,12,351000.0,351000.0
2024-04-20,51.0,25,876000.0,876000.0
2024-04-21,51.0,34,922000.0,922000.0
2024-04-22,32.0,20,598000.0,598000.0
2024-04-23,43.0,25,754000.0,754000.0
2024-04-24,39.0,22,703000.0,703000.0
2024-04-25,35.0,19,591000.0,591000.0
2024-04-26,35.0,20,641000.0,641000.0
2024-04-27,42.0,27,773000.0,773000.0
2024-04-28,17.0,14,339000.0,339000.0
2024-04-29,24.0,16,477000.0,477000.0
2024-04-30,28.0,20,475000.0,475000.0
2024-05-01,83.0,33,1481000.0,1481000.0
2024-05-02,42.0,29,802000.0,802000.0
2024-05-03,55.0,25,1072000.0,1072000.0
2024-05-04,51.0,29,968000.0,968000.0
2024-05-05,43.0,22,741000.0,741000.0
2024-05-06,6.0,6,105000.0,105000.0
2024-05-07,14.0,10,275000.0,275000.0
2024-05-08,11.0,8,203000.0,203000.0
2024-05-09,32.0,21,622000.0,622000.0
2024-05-10,50.0,29,943000.0,943000.0
2024-05-11,84.0,37,1555000.0,1555000.0
2024-05-12,47.0,25,853000.0,853000.0
2024-05-13,39.0,19,678000.0,678000.0
2024-05-14,41.0,24,783000.0,783000.0
2024-05-15,30.0,17,523000.0,523000.0
2024-05-16,12.0,11,232000.0,232000.0
2024-05-17,29.0,22,559000.0,559000.0
2024-05-18,53.0,30,990000.0,990000.0
2024-05-19,20.0,17,390000.0,390000.0
2024-05-20,60.0,33,1142000.0,1142000.0
2024-05-21,22.0,16,403000.0,403000.0
2024-05-22,59.0,31,1096000.0,1096000.0
2024-05-23,48.0,28,923000.0,923000.0
2024-05-24,45.0,28,844000.0,844000.0
2024-05-25,52.0,30,943000.0,943000.0
2024-05-26,48.0,27,874000.0,874000.0
2024-05-27,31.0,21,594000.0,594000.0
2024-05-28,67.0,33,1254000.0,1254000.0
2024-05-29,61.0,24,1159000.0,1159000.0
2024-05-30,43.0,24,815000.0,815000.0
2024-05-31,29.0,20,539000.0,539000.0
2024-06-01,91.0,48,1691000.0,1691000.0
2024-06-02,45.0,20,816000.0,816000.0
2024-06-03,57.0,32,1034000.0,1034000.0
2024-06-04,37.0,21,687000.0,687000.0
2024-06-05,38.0,25,758000.0,758000.0
2024-06-06,33.0,20,649000.0,649000.0
2024-06-07,44.0,28,818000.0,818000.0
2024-06-08,46.0,29,873000.0,873000.0
2024-06-09,41.0,26,801000.0,801000.0
2024-06-10,37.0,24,726000.0,726000.0
2024-06-11,45.0,27,829000.0,829000.0
2024-06-12,28.0,18,506000.0,506000.0
2024-06-13,14.0,11,240000.0,240000.0
2024-06-14,57.0,26,1031000.0,1031000.0
2024-06-15,56.0,34,1056000.0,1056000.0
2024-06-16,81.0,41,1585000.0,1585000.0
2024-06-17,39.0,27,732000.0,732000.0
2024-06-18,35.0,24,659000.0,659000.0
2024-06-19,23.0,15,442000.0,442000.0
2024-06-20,37.0,21,673000.0,673000.0
2024-06-21,6.0,6,117000.0,117000.0
2024-06-22,34.0,22,620000.0,620000.0
2024-06-23,51.0,26,918000.0,918000.0
2024-06-24,37.0,24,701000.0,701000.0
2024-06-25,20.0,17,365000.0,365000.0
2024-06-26,49.0,26,914000.0,914000.0
2024-06-27,76.0,36,1499000.0,1499000.0
2024-06-28,37.0,23,680000.0,680000.0
2024-06-29,49.0,32,967000.0,967000.0
2024-06-30,48.0,27,881000.0,881000.0
2024-07-01,54.0,29,1000000.0,1000000.0
2024-07-02,18.0,14,345000.0,345000.0
2024-07-03,50.0,29,904000.0,904000.0
2024-07-04,37.0,23,654000.0,654000.0
2024-07-05,51.0,27,917000.0,917000.0
2024-07-06,64.0,32,1209000.0,1209000.0
2024-07-07,46.0,29,966000.0,966000.0
2024-07-08,46.0,25,873000.0,873000.0
2024-07-09,17.0,11,332000.0,332000.0
2024-07-10,30.0,22,543000.0,543000.0
2024-07-11,44.0,30,822000.0,822000.0
2024-07-12,41.0,30,799000.0,799000.0
2024-07-13,41.0,26,699000.0,699000.0
2024-07-14,43.0,25,788000.0,788000.0
2024-07-15,77.0,35,1370000.0,1370000.0
2024-07-16,49.0,25,845000.0,845000.0
2024-07-17,55.0,33,1091000.0,1091000.0
2024-07-18,31.0,20,615000.0,615000.0
2024-07-19,31.0,21,553000.0,553000.0
2024-07-20,53.0,30,990000.0,990000.0
2024-07-21,76.0,32,1539000.0,1539000.0
2024-07-22,21.0,16,360000.0,360000.0
2024-07-23,52.0,26,956000.0,956000.0
2024-07-24,27.0,22,549000.0,549000.0
2024-07-25,46.0,28,919000.0,919000.0
2024-07-26,35.0,18,651000.0,651000.0
2024-07-27,27.0,18,566000.0,566000.0
2024-07-28,28.0,19,506000.0,506000.0
2024-07-29,31.0,22,581000.0,581000.0
2024-07-30,27.0,19,512000.0,512000.0
2024-07-31,45.0,22,779000.0,779000.0
2024-08-01,43.0,24,833000.0,833000.0
2024-08-02,27.0,14,507000.0,507000.0
2024-08-03,33.0,19,618000.0,618000.0
2024-08-04,42.0,23,782000.0,782000.0
2024-08-05,45.0,25,804000.0,804000.0
2024-08-06,49.0,31,876000.0,876000.0
2024-08-07,47.0,24,839000.0,839000.0
2024-08-08,69.0,38,1280000.0,1280000.0
2024-08-09,31.0,23,563000.0,563000.0
2024-08-10,34.0,24,605000.0,605000.0
2024-08-11,60.0,28,1073000.0,1073000.0
2024-08-12,19.0,15,355000.0,355000.0
2024-08-13,42.0,28,748000.0,748000.0
2024-08-14,28.0,20,507000.0,507000.0
2024-08-15,71.0,32,1333000.0,1333000.0
2024-08-16,28.0,20,498000.0,498000.0
2024-08-17,62.0,29,1158000.0,1158000.0
2024-08-18,79.0,33,1577000.0,1577000.0
2024-08-19,56.0,26,1038000.0,1038000.0
2024-08-20,45.0,26,864000.0,864000.0
2024-08-21,39.0,23,682000.0,682000.0
2024-08-22,26.0,18,486000.0,486000.0
2024-08-23,35.0,24,656000.0,656000.0
2024-08-24,50.0,31,942000.0,942000.0
2024-08-25,56.0,32,1090000.0,1090000.0
2024-08-26,47.0,26,927000.0,927000.0
2024-08-27,27.0,21,481000.0,481000.0
2024-08-28,12.0,8,190000.0,190000.0
2024-08-29,53.0,26,967000.0,967000.0
2024-08-30,19.0,16,378000.0,378000.0
2024-08-31,26.0,20,484000.0,484000.0
2024-09-01,37.0,21,685000.0,685000.0
2024-09-02,39.0,25,730000.0,730000.0
2024-09-03,30.0,20,558000.0,558000.0
2024-09-04,36.0,24,727000.0,727000.0
2024-09-05,26.0,20,516000.0,516000.0
2024-09-06,25.0,20,501000.0,501000.0
2024-09-07,49.0,29,877000.0,877000.0
2024-09-08,45.0,27,858000.0,858000.0
2024-09-09,53.0,34,959000.0,959000.0
2024-09-10,29.0,24,566000.0,566000.0
2024-09-11,18.0,14,321000.0,321000.0
2024-09-12,35.0,25,655000.0,655000.0
2024-09-13,30.0,20,517000.0,517000.0
2024-09-14,46.0,28,897000.0,897000.0
2024-09-15,68.0,33,1242000.0,1242000.0
2024-09-16,54.0,27,993000.0,993000.0
2024-09-17,42.0,28,838000.0,838000.0
2024-09-18,36.0,19,605000.0,605000.0
2024-09-19,66.0,31,1249000.0,1249000.0
2024-09-20,20.0,17,384000.0,384000.0
2024-09-21,48.0,23,888000.0,888000.0
2024-09-22,51.0,33,919000.0,919000.0
2024-09-23,41.0,25,763000.0,763000.0
2024-09-24,37.0,19,671000.0,671000.0
2024-09-25,15.0,13,300000.0,300000.0
2024-09-26,59.0,26,1026000.0,1026000.0
2024-09-27,55.0,27,1021000.0,1021000.0
2024-09-28,28.0,22,573000.0,573000.0
2024-09-29,20.0,15,355000.0,355000.0
2024-09-30,45.0,25,828000.0,828000.0
2024-10-01,45.0,25,853000.0,853000.0
2024-10-02,68.0,33,1182000.0,1182000.0
2024-10-03,64.0,36,1245000.0,1245000.0
2024-10-04,45.0,28,853000.0,853000.0
2024-10-05,50.0,26,910000.0,910000.0
2024-10-06,26.0,19,484000.0,484000.0
2024-10-07,59.0,32,1125000.0,1125000.0
2024-10-08,52.0,29,1022000.0,1022000.0
2024-10-09,54.0,30,1047000.0,1047000.0
2024-10-10,41.0,29,767000.0,767000.0
2024-10-11,35.0,23,643000.0,643000.0
2024-10-12,68.0,34,1341000.0,1341000.0
2024-10-13,30.0,22,598000.0,598000.0
2024-10-14,69.0,35,1227000.0,1227000.0
2024-10-15,32.0,17,593000.0,593000.0
2024-10-16,45.0,27,842000.0,842000.0
2024-10-17,40.0,28,753000.0,753000.0
2024-10-18,23.0,15,394000.0,394000.0
2024-10-19,48.0,32,893000.0,893000.0
2024-10-20,37.0,20,708000.0,708000.0
2024-10-21,35.0,25,647000.0,647000.0
2024-10-22,33.0,23,627000.0,627000.0
2024-10-23,58.0,31,1095000.0,1095000.0
2024-10-24,52.0,28,973000.0,973000.0
2024-10-25,35.0,19,656000.0,656000.0
2024-10-27,60.0,31,1121000.0,1121000.0
2024-10-28,35.0,22,653000.0,653000.0
2024-10-29,48.0,25,884000.0,884000.0
2024-10-30,40.0,26,703000.0,703000.0
2024-10-31,37.0,19,639000.0,639000.0
2024-11-01,42.0,24,763000.0,763000.0
2024-11-02,79.0,34,1579000.0,1579000.0
2024-11-03,39.0,25,745000.0,745000.0
2024-11-04,80.0,36,1485000.0,1485000.0
2024-11-05,28.0,18,505000.0,505000.0
2024-11-06,38.0,26,762000.0,762000.0
2024-11-07,56.0,31,1080000.0,1080000.0
2024-11-08,23.0,18,441000.0,441000.0
2024-11-09,52.0,33,992000.0,992000.0
2024-11-10,27.0,15,495000.0,495000.0
2024-11-11,48.0,28,877000.0,877000.0
2024-11-12,56.0,25,1048000.0,1048000.0
2024-11-13,38.0,28,695000.0,695000.0
2024-11-14,18.0,14,337000.0,337000.0
2024-11-15,43.0,25,802000.0,802000.0
2024-11-16,60.0,35,1183000.0,1183000.0
2024-11-17,83.0,43,1586000.0,1586000.0
2024-11-18,49.0,29,919000.0,919000.0
2024-11-19,36.0,27,657000.0,657000.0
2024-11-20,55.0,29,1024000.0,1024000.0
2024-11-21,60.0,30,1171000.0,1171000.0
2024-11-22,38.0,25,725000.0,725000.0
2024-11-23,58.0,32,1109000.0,1109000.0
2024-11-24,66.0,38,1261000.0,1261000.0
2024-11-25,30.0,24,555000.0,555000.0
2024-11-26,70.0,33,1304500.0,1317000.0
2024-11-27,58.0,29,1150000.0,1150000.0
2024-11-28,69.0,35,1247000.0,1247000.0
2024-11-29,36.0,25,735000.0,735000.0
2024-11-30,103.0,48,1959000.0,1959000.0
2024-12-01,49.0,30,882000.0,882000.0
2024-12-02,31.0,19,619000.0,619000.0
2024-12-03,61.0,32,1143000.0,1143000.0
2024-12-04,27.0,22,518000.0,518000.0
2024-12-05,62.0,35,1213000.0,1213000.0
2024-12-06,47.0,13,791000.0,791000.0
2024-12-07,51.0,30,964000.0,964000.0
2024-12-08,40.0,22,736000.0,736000.0
2024-12-09,54.0,30,1012000.0,1012000.0
2024-12-10,58.0,35,1096000.0,1096000.0
2024-12-11,72.0,32,1362000.0,1362000.0
2024-12-12,44.0,23,818000.0,818000.0
2024-12-13,36.0,26,685000.0,685000.0
2024-12-14,67.0,31,1276000.0,1276000.0
2024-12-15,64.0,35,1231000.0,1231000.0
2024-12-16,50.0,34,959000.0,959000.0
2024-12-17,79.0,38,1528000.0,1528000.0
2024-12-18,48.0,27,930000.0,930000.0
2024-12-19,72.0,38,1363000.0,1363000.0
2024-12-20,87.0,35,1565000.0,1565000.0
2024-12-21,62.0,35,1267000.0,1267000.0
2024-12-22,43.0,28,819000.0,819000.0
2024-12-23,93.0,42,1795000.0,1795000.0
2024-12-24,48.0,25,1020000.0,1020000.0
2024-12-25,69.0,34,1302000.0,1302000.0
2024-12-26,77.0,40,1429000.0,1429000.0
2024-12-27,79.0,40,1527000.0,1527000.0
2024-12-28,66.0,37,1216000.0,1216000.0
2024-12-29,84.0,40,1541000.0,1541000.0
2024-12-30,108.0,42,2014000.0,2014000.0
2024-12-31,68.0,34,1204000.0,1204000.0
2025-01-01,44.0,25,835000.0,835000.0
2025-01-02,44.0,29,832000.0,832000.0
2025-01-03,57.0,28,982000.0,982000.0
2025-01-04,62.0,32,1093000.0,1093000.0
2025-01-05,35.0,20,644000.0,644000.0
2025-01-06,52.0,32,987000.0,987000.0
2025-01-07,56.0,32,1047000.0,1047000.0
2025-01-08,34.0,19,598000.0,598000.0
2025-01-09,59.0,30,1088000.0,1088000.0
2025-01-10,44.0,28,864000.0,864000.0
2025-01-11,76.0,39,1493000.0,1493000.0
2025-01-12,44.0,29,822000.0,822000.0
2025-01-13,36.0,22,667000.0,667000.0
2025-01-14,62.0,32,1185000.0,1185000.0
2025-01-15,72.0,30,1388000.0,1388000.0
2025-01-16,63.0,34,1231000.0,1231000.0
2025-01-17,58.0,29,1161000.0,1161000.0
2025-01-18,43.0,26,793000.0,793000.0
2025-01-19,32.0,20,580000.0,580000.0
2025-01-20,58.0,31,1128000.0,1128000.0
2025-01-21,36.0,18,721000.0,721000.0
2025-01-22,53.0,30,1067000.0,1067000.0
2025-01-23,54.0,34,1120000.0,1120000.0
2025-01-24,39.0,23,796000.0,796000.0
2025-01-25,76.0,37,1436000.0,1436000.0
2025-01-26,64.0,31,1237000.0,1249000.0
2025-01-27,95.0,44,1835000.0,1835000.0
2025-01-28,73.0,36,1368000.0,1368000.0
2025-01-29,52.0,32,992000.0,992000.0
2025-01-30,54.0,30,993000.0,993000.0
2025-01-31,45.0,27,786000.0,786000.0
2025-02-01,67.0,34,1276000.0,1276000.0
2025-02-02,69.0,30,1278000.0,1278000.0
2025-02-03,60.0,31,1061000.0,1061000.0
2025-02-04,62.0,27,1162000.0,1162000.0
2025-02-05,30.0,21,552000.0,552000.0
2025-02-06,48.0,28,900000.0,900000.0
2025-02-07,46.0,28,830000.0,830000.0
2025-02-08,73.0,33,1440000.0,1440000.0
2025-02-09,57.0,29,1115000.0,1115000.0
2025-02-10,40.0,26,828000.0,828000.0
2025-02-11,45.0,27,880000.0,880000.0
2025-02-12,42.0,23,820000.0,820000.0
2025-02-13,15.0,13,304000.0,304000.0
2025-02-14,28.0,16,534000.0,534000.0
2025-02-15,70.0,33,1346000.0,1346000.0
2025-02-16,55.0,25,1029000.0,1029000.0
2025-02-17,48.0,34,901000.0,901000.0
2025-02-18,36.0,23,663000.0,663000.0
2025-02-19,37.0,24,698000.0,698000.0
2025-02-20,54.0,34,1031000.0,1031000.0
2025-02-21,40.0,25,783000.0,783000.0
2025-02-22,54.0,31,1059000.0,1059000.0
2025-02-23,65.0,35,1303000.0,1303000.0
2025-02-24,28.0,21,539000.0,539000.0
2025-02-25,40.0,26,778000.0,778000.0
2025-02-26,47.0,34,883000.0,883000.0
2025-02-27,24.0,20,465000.0,465000.0
2025-02-28,24.0,17,457000.0,457000.0
2025-03-01,30.0,15,612000.0,612000.0
2025-03-02,30.0,24,575000.0,575000.0
2025-03-03,39.0,21,759000.0,759000.0
2025-03-04,47.0,28,929000.0,929000.0
2025-03-05,16.0,6,299000.0,299000.0
2025-03-06,29.0,20,633000.0,633000.0
2025-03-07,18.0,9,393000.0,393000.0
2025-03-08,35.0,23,632000.0,632000.0
2025-03-09,29.0,21,582000.0,582000.0
2025-03-10,13.0,13,266000.0,266000.0
2025-03-11,23.0,18,431000.0,431000.0
2025-03-12,28.0,19,529000.0,529000.0
2025-03-13,19.0,16,386000.0,386000.0
2025-03-14,29.0,23,533000.0,533000.0
2025-03-15,65.0,37,1279000.0,1279000.0
2025-03-16,39.0,18,868000.0,868000.0
2025-03-17,31.0,19,607000.0,607000.0
2025-03-18,35.0,24,660000.0,660000.0
2025-03-19,60.0,24,1243000.0,1243000.0
2025-03-20,40.0,25,798000.0,798000.0
2025-03-21,110.0,28,2570000.0,2570000.0
2025-03-22,53.0,24,1125000.0,1125000.0
2025-03-23,74.0,30,1597000.0,1597000.0
2025-03-24,34.0,16,594000.0,594000.0
2025-03-25,23.0,17,461000.0,461000.0
2025-03-26,48.0,25,892000.0,892000.0
2025-03-27,76.0,35,1520000.0,1520000.0
2025-03-28,40.0,27,814000.0,814000.0
2025-03-29,46.0,26,905000.0,905000.0
2025-04-02,69.0,35,1313000.0,1313000.0
2025-04-03,74.0,36,1413000.0,1413000.0
2025-04-04,121.0,46,2293000.0,2293000.0
2025-04-05,57.0,28,1068000.0,1068000.0
2025-04-06,80.0,38,1557000.0,1557000.0
2025-04-07,51.0,27,940000.0,940000.0
2025-04-08,43.0,27,812000.0,812000.0
2025-04-09,62.0,35,1173000.0,1173000.0
2025-04-10,56.0,36,1094000.0,1094000.0
2025-04-11,38.0,23,703000.0,703000.0
2025-04-12,33.0,20,617000.0,617000.0
2025-04-13,67.0,30,1241000.0,1241000.0
2025-04-14,43.0,22,838000.0,838000.0
2025-04-15,68.0,38,1364000.0,1364000.0
2025-04-16,46.0,27,878000.0,878000.0
2025-04-17,51.0,31,981000.0,981000.0
2025-04-18,59.0,32,1101000.0,1101000.0
2025-04-19,33.0,19,642000.0,642000.0
2025-04-20,46.0,27,870000.0,870000.0
2025-04-21,53.0,26,993000.0,993000.0
2025-04-22,77.0,40,1414000.0,1414000.0
2025-04-23,47.0,25,908000.0,908000.0
2025-04-24,67.0,36,1302000.0,1302000.0
2025-04-25,53.0,27,1004000.0,1004000.0
2025-04-26,65.0,37,1323000.0,1323000.0
2025-04-27,40.0,25,755000.0,755000.0
2025-04-28,65.0,36,1198000.0,1198000.0
2025-04-29,32.0,17,608000.0,608000.0
2025-04-30,81.0,41,1576000.0,1576000.0
2025-05-01,78.0,36,1489000.0,1489000.0
2025-05-02,38.0,23,742000.0,742000.0
2025-05-03,75.0,34,1443000.0,1443000.0
2025-05-04,83.0,43,1563000.0,1563000.0
2025-05-05,62.0,32,1216000.0,1216000.0
2025-05-06,44.0,29,883000.0,883000.0
2025-05-07,43.0,30,830000.0,830000.0
2025-05-08,54.0,15,886000.0,886000.0
2025-05-09,27.0,22,541000.0,541000.0
2025-05-10,91.0,43,1688000.0,1688000.0
2025-05-11,101.0,39,1859000.0,1859000.0
2025-05-12,127.0,49,2419000.0,2419000.0
2025-05-13,64.0,37,1175000.0,1175000.0
2025-05-14,43.0,26,821000.0,821000.0
2025-05-15,74.0,35,1440000.0,1440000.0
2025-05-16,55.0,30,993000.0,993000.0
2025-05-17,80.0,46,1501000.0,1501000.0
2025-05-18,62.0,32,1229000.0,1229000.0
2025-05-19,35.0,26,675000.0,675000.0
2025-05-20,79.0,39,1515000.0,1515000.0
2025-05-21,76.0,39,1432000.0,1432000.0
2025-05-22,86.0,41,1398800.0,1748000.0
2025-05-23,81.0,42,1611000.0,1611000.0
2025-05-24,135.0,45,2660000.0,2660000.0
2025-05-25,74.0,31,1430000.0,1430000.0
2025-05-26,52.0,27,1012000.0,1012000.0
2025-05-27,80.0,38,1563000.0,1563000.0
2025-05-28,70.0,36,1348000.0,1348000.0
2025-05-29,58.0,39,1124000.0,1124000.0
2025-05-30,51.0,29,978000.0,978000.0
2025-05-31,134.0,51,2643000.0,2643000.0
2025-06-01,116.0,49,2345000.0,2345000.0
2025-06-02,66.0,34,1265000.0,1265000.0
2025-06-03,88.0,43,1671000.0,1671000.0
2025-06-04,113.0,45,2200000.0,2200000.0
2025-06-05,63.0,28,1182000.0,1182000.0
2025-06-06,124.0,46,2453000.0,2453000.0
2025-06-07,62.0,30,1191000.0,1191000.0
2025-06-08,152.0,57,2958934.0,3000000.0
2025-06-09,89.0,37,1688000.0,1688000.0
2025-06-10,15.0,13,315000.0,315000.0
2025-06-12,67.0,33,1250000.0,1250000.0
2025-06-13,56.0,32,1062000.0,1062000.0
2025-06-14,101.0,46,1991000.0,1991000.0
2025-06-15,68.0,42,1296000.0,1296000.0
2025-06-16,81.0,40,1533000.0,1533000.0
2025-06-17,81.0,35,1587000.0,1587000.0
2025-06-18,39.0,20,749000.0,749000.0
2025-06-19,85.0,41,1524000.0,1524000.0
2025-06-20,55.0,29,1103000.0,1103000.0
2025-06-21,81.0,43,1663000.0,1663000.0
2025-06-22,79.0,42,1564000.0,1564000.0
2025-06-23,52.0,28,1038000.0,1038000.0
2025-06-24,67.0,37,1309000.0,1309000.0
2025-06-25,86.0,36,1543000.0,1543000.0
2025-06-26,82.0,39,1665000.0,1665000.0
2025-06-27,83.0,46,1644000.0,1644000.0
2025-06-28,169.0,58,3381000.0,3381000.0
2025-06-29,80.0,41,1465000.0,1465000.0
2025-06-30,53.0,31,1019000.0,1019000.0
2025-07-01,135.0,52,2564000.0,2564000.0
2025-07-02,99.0,37,1805000.0,1805000.0
2025-07-03,56.0,31,1042000.0,1042000.0
2025-07-04,124.0,48,2440000.0,2440000.0
2025-07-05,87.0,42,1763000.0,1763000.0
2025-07-06,131.0,50,2395000.0,2395000.0
2025-07-07,55.0,33,1101000.0,1101000.0
2025-07-08,75.0,41,1396000.0,1396000.0
2025-07-09,116.0,49,2212000.0,2212000.0
2025-07-10,100.0,44,1971000.0,1971000.0
2025-07-11,83.0,48,1595000.0,1595000.0
2025-07-12,110.0,48,2230000.0,2230000.0
2025-07-13,81.0,40,1578000.0,1600000.0
2025-07-14,60.0,38,1136000.0,1136000.0
2025-07-15,116.0,45,2283000.0,2283000.0
2025-07-16,73.0,38,1360000.0,1360000.0
2025-07-17,43.0,31,861000.0,861000.0
2025-07-18,40.0,28,765000.0,765000.0
2025-07-19,57.0,29,1073000.0,1073000.0
2025-07-20,77.0,39,1521000.0,1521000.0
2025-07-21,85.0,35,1686000.0,1686000.0
2025-07-22,63.0,37,1205000.0,1205000.0
2025-07-23,95.0,44,1906000.0,1906000.0
2025-07-24,55.0,33,1034000.0,1034000.0
2025-07-25,61.0,31,1184000.0,1184000.0
2025-07-26,99.0,43,1983000.0,1983000.0
2025-07-27,166.0,46,3174000.0,3174000.0
2025-07-28,68.0,34,1296000.0,1296000.0
2025-07-29,99.0,39,1858000.0,1858000.0
2025-07-30,53.0,28,1048000.0,1048000.0
2025-07-31,23.0,20,463000.0,463000.0
2025-08-01,85.0,36,1691000.0,1691000.0
2025-08-02,57.0,29,1094000.0,1094000.0
2025-08-03,50.0,32,980000.0,980000.0
2025-08-04,72.0,35,1393000.0,1393000.0
2025-08-05,86.0,40,1599000.0,1599000.0
2025-08-06,80.0,35,1642000.0,1642000.0
2025-08-07,61.0,31,1227000.0,1227000.0
2025-08-08,76.0,40,1479000.0,1479000.0
2025-08-09,93.0,43,1893000.0,1893000.0
2025-08-10,49.0,29,997000.0,997000.0
2025-08-11,49.0,30,996000.0,996000.0
2025-08-12,93.0,38,1718000.0,1718000.0
2025-08-13,84.0,43,1639000.0,1639000.0
2025-08-14,78.0,39,1563000.0,1563000.0
2025-08-15,43.0,26,884000.0,884000.0
2025-08-16,87.0,38,1782000.0,1782000.0
2025-08-17,81.0,42,1635000.0,1635000.0
2025-08-18,35.0,22,713000.0,713000.0
2025-08-19,51.0,26,1008000.0,1008000.0
2025-08-20,86.0,38,1657000.0,1657000.0
2025-08-21,41.0,26,886000.0,886000.0
2025-08-22,79.0,35,1634000.0,1634000.0
2025-08-23,90.0,43,1763000.0,1763000.0
2025-08-24,54.0,29,1064000.0,1064000.0
2025-08-25,19.0,14,398000.0,398000.0
2025-08-26,67.0,34,1362000.0,1362000.0
2025-08-27,90.0,37,1803000.0,1803000.0
2025-08-28,62.0,32,1195000.0,1195000.0
2025-08-29,50.0,29,972000.0,988000.0
2025-08-30,108.0,42,2162000.0,2162000.0
2025-08-31,57.0,26,1140000.0,1140000.0
2025-09-01,83.0,37,1645000.0,1668000.0
2025-09-02,87.0,40,1739000.0,1739000.0
2025-09-03,57.0,32,1142000.0,1142000.0
2025-09-04,110.0,42,1748000.0,2231000.0
2025-09-05,67.0,32,1423000.0,1423000.0
2025-09-06,95.0,39,1898000.0,1898000.0
2025-09-07,122.0,44,2461000.0,2461000.0
2025-09-08,37.0,25,786000.0,786000.0
2025-09-09,43.0,30,907000.0,907000.0
2025-09-10,55.0,33,950000.0,1058000.0
2025-09-11,47.0,27,930000.0,930000.0
2025-09-12,38.0,23,786000.0,786000.0
2025-09-13,87.0,39,1708000.0,1731000.0
2025-09-14,61.0,33,1143000.0,1143000.0
2025-09-15,97.0,38,1972000.0,1972000.0
2025-09-16,64.0,35,1251000.0,1251000.0
2025-09-18,35.0,18,761000.0,761000.0
2025-09-19,28.0,21,561000.0,561000.0
2025-09-20,83.0,34,1747000.0,1747000.0
2025-09-21,68.0,39,1391000.0,1391000.0
2025-09-22,60.0,31,1243000.0,1243000.0
2025-09-23,49.0,33,1033000.0,1033000.0
2025-09-24,33.0,19,673000.0,698000.0
2025-09-25,41.0,22,823000.0,823000.0
